Mob,Rarity,Photo,Region,Super Message,Health/Min Health,Max Health,Body Damage,Special Stat Name,Special Stat 1,Special Stat 2,Special Stat 3,Special Stat 4,Passive Behavior,Aggressive Trigger,Aggressive Behavior,Defensive Trigger,Defensive Behavior,Ultra Behavior,Special,Petal Drops,Petal 1,Table ID,Drop Frequency,,,,,,,Petal 2,Table ID,Drop Frequency,,,,,,,Petal 3,Table ID,Drop Frequency,,,,,,,Formulas,,Data Table Storage,,,,,,,,,,,,,,,,,,,,,,
,,,,,,,,,,,,,,,,,,,,,,,C,U,R,E,L,M,Ul,,,C,U,R,E,L,M,Ul,,,C,U,R,E,L,M,Ul,,,,,,,,,,,,,,,,,,,,,,,,,
Ant Egg,Common,,Hell,N/A,150,N/A,3,N/A,,,,,Stationary,N/A,N/A,N/A,N/A,N/A,"Spawns naturally only in specific areas and may release an aggressive Baby Ant on death.
Can also be laid by Queen Ants, spawning two rarities below the queen ant's rarity. Eggs laid by Queens shortly hatch into a Soldier Ant of the same rarity.",Ant Egg,Ant Egg,1,59.8,16.4,,,,,,N/A,,,,,,,,,N/A,,,,,,,,,3.752,3,59.8,16.4,,,,,,,45.5,10.1,,,,,,,34.1,6.9,,,,,
,Unusual,,,,562.8,,9,,,,,,,,,,,,,,,,48.5,51.2,,,,,,,,,,,,,,,,,,,,,,,,13.5,9,48.5,51.2,,,,,,,61.3,34.8,,,,,,,63.1,24.7,,,,,
,Rare,,,,2025,,27,,,,,,,,,,,,,,,,1.3,88.4,10.3,,,,,,,,,,,,,,,,,,,,,,,54,27,1.3,88.4,10.3,,,,,,7.7,86,6.3,,,,,,18.2,77.6,4.2,,,,
,Epic,,,,8100,,81,,,,,,,,,,,,,,,,,6.7,81,12.3,,,,,,,,,,,,,,,,,,,,,,405,81,,6.7,81,12.3,,,,,,19.7,72.7,7.6,,,,,,33.8,61,5.1,,,
,Legendary,,,,60750,,243,,,,,,,,,,,,,,,,,,7.2,87.7,5,,,,,,,,,,,,,,,,,,,,,2430,243,,,7.2,87.7,5,,,,,,20.7,76.3,3.1,,,,,,34.9,63,2,,
,Mythic,,,,364500,,729,,,,,,,,,,,,,,,,,,,7.5,91.7,0.8,,,,,,,,,,,,,,,,,,,,73000,729,,,,7.5,91.7,0.8,,,,,,21.2,78.3,0.5,,,,,,35.6,64.1,0.3,
,Ultra,,,,10950000,,2187,,,,,,,,,,,,,,,,,,,,85.2,14.3,0.5,,,,,,,,,,,,,,,,,,,1312000,2187,,,,,85.2,14.3,0.5,,,,,,90.9,8.8,0.3,,,,,,93.8,6,0.2
,Super,,,,196800000,,6561,,,,,,,,,,,,,,,,,,,,,77.2,22.7,,,,,,,,,,,,,,,,,,,,,,,,,,77.2,22.7,,,,,,0.8,84.8,14.3,,,,,,4.1,86.1,9.8
Ant Hole,Common,,Garden,N/A,750,N/A,15,N/A,,,,,Stationary,N/A,N/A,N/A,N/A,N/A,"Low spawn rate. Spawns ants when damaged. 
If it's rare or higher, the hole can't be damaged, instead being entered upon touch. All ants are the same rarity as the hole or 1 or 2 rarities below.
Each hole counts as a separate area. Living squad mates not in the same area as the player show up with a question mark (dead ones show up as dead). Players in the hole may only leave after all ants in the hole have been killed. Moving to a new area grants 1 second of invincibility.
Rare+ Ant Holes will die after awhile if ants have been spawned, releasing everything inside (except petals with a laydown ability).","Soil
Shovel",Soil,1,59.8,16.4,,,,,,Shovel,10,53.9,13.3,,,,,,N/A,,,,,,,,,1,,46.8,53.2,,,,,,,19.1,3.5,,,,,,,63.8,19.4,,,,,
,Unusual,,,,2814,,45,,,,,,,,,,,,,,,,48.5,51.2,,,,,,,,55.3,43.6,,,,,,,,,,,,,,,3,,4.8,95.2,,,,,,,51,13.2,,,,,,,42,57.9,,,,,
,Rare,,,,N/A,,,,,,,,,,,,,,,,,,1.3,88.4,10.3,,,,,,,3.2,88.5,8.3,,,,,,,,,,,,,,8,,,64.8,35.2,,,,,,42.6,55.1,2.1,,,,,,0.6,87.2,12.2,,,,
,Epic,,,,,,,,,,,,,,,,,,,,,,,6.7,81,12.3,,,,,,,11.4,78.6,10,,,,,,,,,,,,,24,,,,59.1,40.9,,,,,,58.2,39.2,2.6,,,,,,3.9,81.5,14.6,,,
,Legendary,,,,,,,,,,,,,,,,,,,,,,,,7.2,87.7,5,,,,,,,12.2,83.7,4.1,,,,,,,,,,,,73,,,,,81.3,18.7,,,,,,59.1,39.9,1,,,,,,4.3,89.7,6,,
,Mythic,,,,,,,,,,,,,,,,,,,,,,,,,7.5,91.7,0.8,,,,,,,12.6,86.7,0.6,,,,,,,,,,,219,,,,,,96.9,3.1,,,,,,59.6,40.2,0.2,,,,,,4.5,94.5,1,
,Ultra,,,,,,,,,,,,,,,,,,,,,,,,,,85.2,14.3,0.5,,,,,,,88,11.6,0.4,,,,,,,,,,656,,,,,,52.8,45.2,2,,,,,,96.9,3,0.1,,,,,,82.6,16.8,0.6
,Super,,,,,,,,,,,,,,,,,,,,,,,,,,,77.2,22.7,,,,,,,,81.2,18.6,,,,,,,,,,656,,,,,,,35.7,64.3,,,,,,20.2,74.7,5,,,,,,,73.4,26.6
Baby Ant,Common,,"Garden

Hell",N/A,25,N/A,10,N/A,,,,,Random straight lines for a few tiles before stopping and changing directions. Slow,Uranium or being spawned from an Ant Egg,Towards the friendly unit with a slight delay in changing directions. Moderate speed,N/A,N/A,N/A,Some automatically spawn with Ant Holes and when the Ant Hole is damaged. Can also spawn from killed Ant Eggs.,"Leaf
Rice
Light",Leaf,2,45.5,10.1,,,,,,Rice,1,59.8,16.4,,,,,,Light,1,59.8,16.4,,,,,,,,4.2,0.7,,,,,,,66.2,30.6,,,,,,,,47.2,,,,,
,Unusual,,,,93.8,,30,,,,,,,,,,,,,,,,61.3,34.8,,,,,,,,48.5,51.2,,,,,,,,48.5,51.2,,,,,,,,15.4,2.8,,,,,,,23.2,76.8,,,,,,,,92.9,,,,,
,Rare,,,,337.5,,90,,,,,,,,,,,,,,,,7.7,86,6.3,,,,,,,1.3,88.4,10.3,,,,,,,1.3,88.4,10.3,,,,,,,54.5,15.1,0.4,,,,,,,80.5,19.5,,,,,,,69.1,30.9,,,,
,Epic,,,,1350,,270,,,,,,,,,,,,,,,,,19.7,72.7,7.6,,,,,,,6.7,81,12.3,,,,,,,6.7,81,12.3,,,,,,1.4,88.3,9.7,0.5,,,,,,,76.4,23.1,,,,,,,64,36,,,
,Legendary,,,,10125,,810,,,,,,,,,,,,,,,,,,20.7,76.3,3.1,,,,,,,7.2,87.7,5,,,,,,,7.2,87.7,5,,,,,,11.5,78.6,9.8,0.2,,,,,,0.5,89.7,9.8,,,,,,,83.9,16.1,,
,Mythic,,,,60750,,2430,,,,,,,,,,,,,,,,,,,21.2,78.3,0.5,,,,,,,7.5,91.7,0.8,,,,,,,7.5,91.7,0.8,,,,,,0.5,89.7,9.8,0.03,,,,,,0.6,97.8,1.6,,,,,,12.6,86.7,0.6,
,Ultra,,,,1825000,,7290,,,,,,,,,,,,,,,,,,,,90.9,8.8,0.3,,,,,,,85.2,14.3,0.5,,,,,,,85.2,14.3,0.5,,,,,,12.6,86.7,0.6,0.02,,,,,,72.6,26.3,1,,,,,,58.1,40.2,1.7
,Super,,,,32800000,,21870,,,,,,,,,,,,,,,,,,,,0.8,84.8,14.3,,,,,,,,77.2,22.7,,,,,,,,77.2,22.7,,,,,,,77.3,21.9,0.8,,,,,,,59.7,40.3,,,,,,,41.6,58.4
Baby Fire Ant,Common,Awaiting Image,Hell,N/A,25,N/A,20,N/A,,,,,Random straight lines for a few tiles before stopping and changing directions. Slow,Uranium or being spawned from a Fire Ant Egg,Towards the friendly unit. Moderate speed,N/A,N/A,N/A,Can spawn from killed Fire Ant Eggs.,"Light
Yucca",Light,1,59.8,16.4,,,,,,Yucca,3,34.1,6.9,,,,,,N/A,,,,,,,,,,,53.9,13.3,,,,,,,8.2,1.4,,,,,,,,42.8,,,,,
,Unusual,,,,93.8,,60,,,,,,,,,,,,,,,,48.5,51.2,,,,,,,,63.1,24.7,,,,,,,,,,,,,,,,,55.3,43.6,,,,,,,27.7,5.5,,,,,,,,89.3,,,,,
,Rare,,,,337.5,,180,,,,,,,,,,,,,,,,1.3,88.4,10.3,,,,,,,18.2,77.6,4.2,,,,,,,,,,,,,,,,3.2,88.5,8.3,,,,,,62.4,27.9,0.9,,,,,,,72.2,27.8,,,,
,Epic,,,,1350,,540,,,,,,,,,,,,,,,,,6.7,81,12.3,,,,,,,33.8,61,5.1,,,,,,,,,,,,,,,,11.4,78.6,10,,,,,0.02,80.5,18.4,1,,,,,,,67.4,32.6,,,
,Legendary,,,,10125,,1620,,,,,,,,,,,,,,,,,,7.2,87.7,5,,,,,,,34.9,63,2,,,,,,,,,,,,,,,,12.2,83.7,4.1,,,,,1.3,79.7,18.6,0.4,,,,,,,85.6,14.4,,
,Mythic,,,,60750,,4860,,,,,,,,,,,,,,,,,,,7.5,91.7,0.8,,,,,,,35.6,64.1,0.3,,,,,,,,,,,,,,,,12.6,86.7,0.6,,,,,,81.3,18.6,0.06,,,,,,,97.6,2.4,
,Ultra,,,,1825000,,14580,,,,,,,,,,,,,,,,,,,,85.2,14.3,0.5,,,,,,,93.8,6,0.2,,,,,,,,,,,,,,,,88,11.6,0.4,,,,,1.6,97.1,1.2,0.04,,,,,,61.9,36.5,1.5
,Super,,,,32800000,,43740,,,,,,,,,,,,,,,,,,,,,77.2,22.7,,,,,,,4.1,86.1,9.8,,,,,,,,,,,,,,,,,81.2,18.6,,,,,,59.7,38.6,1.7,,,,,,,46.2,53.8
Baby Termite,Common,,Hell,N/A,50,N/A,10,Psyonic Connection,N/A,,,,Random straight lines for a few tiles before stopping and changing directions. Slow,"Uranium, being spawned from a Termite Egg or damage to a nearby Termite Egg",Towards the friendly unit. Moderate speed,N/A,N/A,N/A,Splits damage with all other nearby termites.,"Relic
Carrot",Relic,5,19.1,3.5,,,,,,Carrot,1,59.8,16.4,,,,,,N/A,,,,,,,,,,,,,,,,,,,,,,,,,,,,,,,,,
,Unusual,,,,187.6,,30,,,,,,,,,,,,,,,,51,13.2,,,,,,,,48.5,51.2,,,,,,,,,,,,,,,,,,,,,,,,,,,,,,,,,,,,,,,
,Rare,,,,675,,90,,,,,,,,,,,,,,,,42.6,55.1,2.1,,,,,,,1.3,88.4,10.3,,,,,,,,,,,,,,,,,,,,,,,,,,,,,,,,,,,,,,
,Epic,,,,2700,,270,,,,,,,,,,,,,,,,,58.2,39.2,2.6,,,,,,,6.7,81,12.3,,,,,,,,,,,,,,,,,,,,,,,,,,,,,,,,,,,,,
,Legendary,,,,20250,,810,,,,,,,,,,,,,,,,,,59.1,39.9,1,,,,,,,7.2,87.7,5,,,,,,,,,,,,,,,,,,,,,,,,,,,,,,,,,,,,
,Mythic,,,,121500,,2430,,,,,,,,,,,,,,,,,,,59.6,40.2,0.2,,,,,,,7.5,91.7,0.8,,,,,,,,,,,,,,,,,,,,,,,,,,,,,,,,,,,
,Ultra,,,,3650000,,7290,,,,,,,,,,,,,,,,,,,,96.9,3,0.1,,,,,,,85.2,14.3,0.5,,,,,,,,,,,,,,,,,,,,,,,,,,,,,,,,,,
,Super,,,,65600000,,21870,,,,,,,,,,,,,,,,,,,,20.2,74.7,5,,,,,,,,77.2,22.7,,,,,,,,,,,,,,,,,,,,,,,,,,,,,,,,,,
Bee,Common,,Garden,N/A,37.5,N/A,50,N/A,,,,,Random curved lines for a few tiles before stopping and changing directions. Slow,"Unusual-
Uranium

Rare+
Uranium, bulb or damage",Toward the friendly unit in a curvy motion. Very fast,N/A,N/A,N/A,N/A,"Stinger
Pollen
Honey",Stinger,1,59.8,16.4,,,,,,Pollen,3,34.1,6.9,,,,,,Honey,3,34.1,6.9,,,,,,,,,,,,,,,,,,,,,,,,,,,,,,
,Unusual,,,,140.7,,150,,,,,,,,,,,,,,,,48.5,51.2,,,,,,,,63.1,24.7,,,,,,,,63.1,24.7,,,,,,,,,,,,,,,,,,,,,,,,,,,,,,
,Rare,,,,506.25,,450,,,,,,,,,,,,,,,,1.3,88.4,10.3,,,,,,,18.2,77.6,4.2,,,,,,,18.2,77.6,4.2,,,,,,,,,,,,,,,,,,,,,,,,,,,,,
,Epic,,,,2025,,1350,,,,,,,,,,,,,,,,,6.7,81,12.3,,,,,,,33.8,61,5.1,,,,,,,33.8,61,5.1,,,,,,,,,,,,,,,,,,,,,,,,,,,,
,Legendary,,,,15187.5,,4050,,,,,,,,,,,,,,,,,,7.2,87.7,5,,,,,,,34.9,63,2,,,,,,,34.9,63,2,,,,,,,,,,,,,,,,,,,,,,,,,,,
,Mythic,,,,91125,,12150,,,,,,,,,,,,,,,,,,,7.5,91.7,0.8,,,,,,,35.6,64.1,0.3,,,,,,,35.6,64.1,0.3,,,,,,,,,,,,,,,,,,,,,,,,,,
,Ultra,,,,2737500,,36450,,,,,,,,,,,,,,,,,,,,85.2,14.3,0.5,,,,,,,93.8,6,0.2,,,,,,,93.8,6,0.2,,,,,,,,,,,,,,,,,,,,,,,,,
,Super,,,,49200000,,109350,,,,,,,,,,,,,,,,,,,,,77.2,22.7,,,,,,,4.1,86.1,9.8,,,,,,,4.1,86.1,9.8,,,,,,,,,,,,,,,,,,,,,,,,,
Beetle (Hel),Common,,Hel,You sense ominous vibrations coming from a different realm...,250,N/A,50,N/A,,,,,Random straight lines for a few tiles before stopping and changing directions. Slow,"Uranium, bulb or nearby friendly unit",Towards the friendly unit. Turns slowly. Fast.,N/A,N/A,N/A,N/A,"Egg
Mark
Dice",Egg,11,8.2,1.4,,,,,,Mark,7,4.2,0.7,,,,,,Dice,3,34.1,6.9,,,,,,,,,,,,,,,,,,,,,,,,,,,,,,
,Unusual,,,,938,,150,,,,,,,,,,,,,,,,27.7,5.5,,,,,,,,15.4,2.8,,,,,,,,63.1,24.7,,,,,,,,,,,,,,,,,,,,,,,,,,,,,,
,Rare,,,,3375,,450,,,,,,,,,,,,,,,,62.4,27.9,0.9,,,,,,,54.5,15.1,0.4,,,,,,,18.2,77.6,4.2,,,,,,,,,,,,,,,,,,,,,,,,,,,,,
,Epic,,,,13500,,1350,,,,,,,,,,,,,,,,0.02,80.5,18.4,1,,,,,,1.4,88.3,9.7,0.5,,,,,,,33.8,61,5.1,,,,,,,,,,,,,,,,,,,,,,,,,,,,
,Legendary,,,,101250,,4050,,,,,,,,,,,,,,,,,1.3,79.7,18.6,0.4,,,,,,11.5,78.6,9.8,0.2,,,,,,,34.9,63,2,,,,,,,,,,,,,,,,,,,,,,,,,,,
,Mythic,,,,607500,,12150,,,,,,,,,,,,,,,,,,,81.3,18.6,0.06,,,,,,0.5,89.7,9.8,0.03,,,,,,,35.6,64.1,0.3,,,,,,,,,,,,,,,,,,,,,,,,,,
,Ultra,,,,18250000,,36450,,,,,,,,,,,,,,,,,,,1.6,97.1,1.2,0.04,,,,,,12.6,86.7,0.6,0.02,,,,,,,93.8,6,0.2,,,,,,,,,,,,,,,,,,,,,,,,,
,Super,,,,328000000,,109350,,,,,,,,,,,,,,,,,,,,59.7,38.6,1.7,,,,,,,77.3,21.9,0.8,,,,,,,4.1,86.1,9.8,,,,,,,,,,,,,,,,,,,,,,,,,
Beetle (Normal),Common,,Desert,N/A,100,N/A,30,N/A,,,,,Random straight lines for a few tiles before stopping and changing directions. Slow,"Uranium, bulb or nearby friendly unit",Towards the friendly unit. Turns slowly. Fast.,N/A,N/A,N/A,N/A,"Egg
Ankh",Egg,1,59.8,16.4,,,,,,Ankh,7,4.2,0.7,,,,,,,,,,,,,,,,,,,,,,,,,,,,,,,,,,,,,,,
,Unusual,,,,375.2,,90,,,,,,,,,,,,,,,,48.5,51.2,,,,,,,,15.4,2.8,,,,,,,,,,,,,,,,,,,,,,,,,,,,,,,,,,,,,,,
,Rare,,,,1350,,270,,,,,,,,,,,,,,,,1.3,88.4,10.3,,,,,,,54.5,15.1,0.4,,,,,,,,,,,,,,,,,,,,,,,,,,,,,,,,,,,,,,
,Epic,,,,5400,,810,,,,,,,,,,,,,,,,,6.7,81,12.3,,,,,,1.4,88.3,9.7,0.5,,,,,,,,,,,,,,,,,,,,,,,,,,,,,,,,,,,,,
,Legendary,,,,40500,,2430,,,,,,,,,,,,,,,,,,7.2,87.7,5,,,,,,11.5,78.6,9.8,0.2,,,,,,,,,,,,,,,,,,,,,,,,,,,,,,,,,,,,
,Mythic,,,,243000,,7290,,,,,,,,,,,,,,,,,,,7.5,91.7,0.8,,,,,,0.5,89.7,9.8,0.03,,,,,,,,,,,,,,,,,,,,,,,,,,,,,,,,,,,
,Ultra,,,,7300000,,21870,,,,,,,,,,,,,,,,,,,,85.2,14.3,0.5,,,,,,12.6,86.7,0.6,0.02,,,,,,,,,,,,,,,,,,,,,,,,,,,,,,,,,,
,Super,,,,131200000,,65610,,,,,,,,,,,,,,,,,,,,,77.2,22.7,,,,,,,77.3,21.9,0.8,,,,,,,,,,,,,,,,,,,,,,,,,,,,,,,,,,
Bubble,Common,,Ocean,N/A,0.5,N/A,5,N/A,,,,,"Straight until it hits a wall, at which point it turns randomly. Very slow",N/A,N/A,N/A,N/A,N/A,"Pushes nearby players, friendly mobs and dropped petals away upon being killed. Damage per hit is capped at 202. Immune to poison.","Bubble
Air",Bubble,1,59.8,16.4,,,,,,Air,4,46.8,53.2,,,,,,N/A,,,,,,,,,,,,,,,,,,,,,,,,,,,,,,,,,
,Unusual,,,,1.876,,15,,,,,,,,,,,,,,,,48.5,51.2,,,,,,,,4.8,95.2,,,,,,,,,,,,,,,,,,,,,,,,,,,,,,,,,,,,,,,
,Rare,,,,6.75,,45,,,,,,,,,,,,,,,,1.3,88.4,10.3,,,,,,,,64.8,35.2,,,,,,,,,,,,,,,,,,,,,,,,,,,,,,,,,,,,,,
,Epic,,,,27,,135,,,,,,,,,,,,,,,,,6.7,81,12.3,,,,,,,,59.1,40.9,,,,,,,,,,,,,,,,,,,,,,,,,,,,,,,,,,,,,
,Legendary,,,,202.5,,405,,,,,,,,,,,,,,,,,,7.2,87.7,5,,,,,,,,81.3,18.7,,,,,,,,,,,,,,,,,,,,,,,,,,,,,,,,,,,,
,Mythic,,,,1215,,1215,,,,,,,,,,,,,,,,,,,7.5,91.7,0.8,,,,,,,,96.9,3.1,,,,,,,,,,,,,,,,,,,,,,,,,,,,,,,,,,,
,Ultra,,,,36500,,3645,,,,,,,,,,,,,,,,,,,,85.2,14.3,0.5,,,,,,,52.8,45.2,2,,,,,,,,,,,,,,,,,,,,,,,,,,,,,,,,,,
,Super,,,,656000,,10935,,,,,,,,,,,,,,,,,,,,,77.2,22.7,,,,,,,,35.7,64.3,,,,,,,,,,,,,,,,,,,,,,,,,,,,,,,,,,
Bumble Bee,Common,,Garden,N/A,25,N/A,20,Missile Health; Missile Damage,100,10,N/A,,Random curved lines for a few tiles before stopping and changing directions. Fast,N/A,N/A,N/A,N/A,N/A,Lays pollen down frequently.,"Pollen
Honey",Pollen,9,,47.2,,,,,,Honey,10,53.9,13.3,,,,,,N/A,,,,,,,,,,,,,,,,,,,,,,,,,,,,,,,,,
,Unusual,,,,93.8,,60,,300,30,,,,,,,,,,,,,,92.9,,,,,,,,55.3,43.6,,,,,,,,,,,,,,,,,,,,,,,,,,,,,,,,,,,,,,,
,Rare,,,,337.5,,180,,900,90,,,,,,,,,,,,,,69.1,30.9,,,,,,,3.2,88.5,8.3,,,,,,,,,,,,,,,,,,,,,,,,,,,,,,,,,,,,,,
,Epic,,,,1350,,540,,2700,270,,,,,,,,,,,,,,,64,36,,,,,,,11.4,78.6,10,,,,,,,,,,,,,,,,,,,,,,,,,,,,,,,,,,,,,
,Legendary,,,,10125,,1620,,8100,810,,,,,,,,,,,,,,,,83.9,16.1,,,,,,,12.2,83.7,4.1,,,,,,,,,,,,,,,,,,,,,,,,,,,,,,,,,,,,
,Mythic,,,,60750,,4860,,24300,2430,,,,,,,,,,,,,,,,12.6,86.7,0.6,,,,,,,12.6,86.7,0.6,,,,,,,,,,,,,,,,,,,,,,,,,,,,,,,,,,,
,Ultra,,,,1825000,,14580,,72900,7290,,,,,,,,,,,,,,,,,58.1,40.2,1.7,,,,,,,88,11.6,0.4,,,,,,,,,,,,,,,,,,,,,,,,,,,,,,,,,,
,Super,,,,32800000,,43740,,218700,21870,,,,,,,,,,,,,,,,,,41.6,58.4,,,,,,,,81.2,18.6,,,,,,,,,,,,,,,,,,,,,,,,,,,,,,,,,,
Bush,Common,,Jungle,N/A,25,50,10,N/A,,,,,Stationary,N/A,N/A,N/A,N/A,N/A,N/A,Cotton,Cotton,1,59.8,16.4,,,,,,N/A,,,,,,,,,N/A,,,,,,,,,,,,,,,,,,,,,,,,,,,,,,,,,
,Unusual,,,,93.8,187.6,30,,,,,,,,,,,,,,,,48.5,51.2,,,,,,,,,,,,,,,,,,,,,,,,,,,,,,,,,,,,,,,,,,,,,,,,
,Rare,,,,337.5,675,90,,,,,,,,,,,,,,,,1.3,88.4,10.3,,,,,,,,,,,,,,,,,,,,,,,,,,,,,,,,,,,,,,,,,,,,,,,
,Epic,,,,1350,2700,270,,,,,,,,,,,,,,,,,6.7,81,12.3,,,,,,,,,,,,,,,,,,,,,,,,,,,,,,,,,,,,,,,,,,,,,,
,Legendary,,,,10125,20250,810,,,,,,,,,,,,,,,,,,7.2,87.7,5,,,,,,,,,,,,,,,,,,,,,,,,,,,,,,,,,,,,,,,,,,,,,
,Mythic,,,,60750,121500,2430,,,,,,,,,,,,,,,,,,,7.5,91.7,0.8,,,,,,,,,,,,,,,,,,,,,,,,,,,,,,,,,,,,,,,,,,,,
,Ultra,,,,1825000,3650000,7290,,,,,,,,,,,,,,,,,,,,85.2,14.3,0.5,,,,,,,,,,,,,,,,,,,,,,,,,,,,,,,,,,,,,,,,,,,
,Super,,,,32800000,65600000,21870,,,,,,,,,,,,,,,,,,,,,77.2,22.7,,,,,,,,,,,,,,,,,,,,,,,,,,,,,,,,,,,,,,,,,,,
Cactus,Common,,Desert,A tower of thorns rises from the sands...,75,112.5,5,Missile Health; Missile Damage,30,40,N/A,,Stationary,N/A,N/A,N/A,N/A,N/A,"Spawns with varying sizes/HP, even among the same rarity. May be pushed around slowly by other mobs and certain petals. Its spikes have separate HP and damages and are destroyed when the mob dies or they run out of HP (they do not shoot).",Cactus,Cactus,2,45.5,10.1,,,,,,N/A,,,,,,,,,N/A,,,,,,,,,,,,,,,,,,,,,,,,,,,,,,,,,
,Unusual,,,,281.4,422.1,15,,90,120,,,,,,,,,,,,,61.3,34.8,,,,,,,,,,,,,,,,,,,,,,,,,,,,,,,,,,,,,,,,,,,,,,,,
,Rare,,,,1012.5,1518.75,45,,270,360,,,,,,,,,,,,,7.7,86,6.3,,,,,,,,,,,,,,,,,,,,,,,,,,,,,,,,,,,,,,,,,,,,,,,
,Epic,,,,4050,6075,135,,810,1080,,,,,,,,,,,,,,19.7,72.7,7.6,,,,,,,,,,,,,,,,,,,,,,,,,,,,,,,,,,,,,,,,,,,,,,
,Legendary,,,,30375,45562.5,405,,2430,3240,,,,,,,,,,,,,,,20.7,76.3,3.1,,,,,,,,,,,,,,,,,,,,,,,,,,,,,,,,,,,,,,,,,,,,,
,Mythic,,,,182250,273375,1215,,7290,9720,,,,,,,,,,,,,,,,21.2,78.3,0.5,,,,,,,,,,,,,,,,,,,,,,,,,,,,,,,,,,,,,,,,,,,,
,Ultra,,,,5475000,8212500,3645,,21870,29160,,,,,,,,,,,,,,,,,90.9,8.8,0.3,,,,,,,,,,,,,,,,,,,,,,,,,,,,,,,,,,,,,,,,,,,
,Super,,,,98400000,147600000,10935,,65610,87480,,,,,,,,,,,,,,,,,0.8,84.8,14.3,,,,,,,,,,,,,,,,,,,,,,,,,,,,,,,,,,,,,,,,,,,
Centipede (Green),Common,,Garden,N/A,25,N/A,10,N/A,,,,,"Straight while slightly turning. Turns randomly if it hits a wall. If a segment dies, any new front segment that's formed turns sharply. Very slow","Rare-
Uranium

Epic+
Uranium, bulb or damage (front segment only)",Toward the friendly unit. Moderate speed,N/A,N/A,N/A,"Typically spawns with 10 segments, but has a rare chance of spawning with 50 (if rare-).","Peas
Leaf",Peas,5,19.1,3.5,,,,,,Leaf,5,19.1,3.5,,,,,,N/A,,,,,,,,,,,,,,,,,,,,,,,,,,,,,,,,,
,Unusual,,,,93.8,,30,,,,,,,,,,,,,,,,51,13.2,,,,,,,,51,13.2,,,,,,,,,,,,,,,,,,,,,,,,,,,,,,,,,,,,,,,
,Rare,,,,337.5,,90,,,,,,,,,,,,,,,,42.6,55.1,2.1,,,,,,,42.6,55.1,2.1,,,,,,,,,,,,,,,,,,,,,,,,,,,,,,,,,,,,,,
,Epic,,,,1350,,270,,,,,,,,,,,,,,,,,58.2,39.2,2.6,,,,,,,58.2,39.2,2.6,,,,,,,,,,,,,,,,,,,,,,,,,,,,,,,,,,,,,
,Legendary,,,,10125,,810,,,,,,,,,,,,,,,,,,59.1,39.9,1,,,,,,,59.1,39.9,1,,,,,,,,,,,,,,,,,,,,,,,,,,,,,,,,,,,,
,Mythic,,,,60750,,2430,,,,,,,,,,,,,,,,,,,59.6,40.2,0.2,,,,,,,59.6,40.2,0.2,,,,,,,,,,,,,,,,,,,,,,,,,,,,,,,,,,,
,Ultra,,,,1825000,,7290,,,,,,,,,,,,,,,,,,,,96.9,3,0.1,,,,,,,96.9,3,0.1,,,,,,,,,,,,,,,,,,,,,,,,,,,,,,,,,,
,Super,,,,32800000,,21870,,,,,,,,,,,,,,,,,,,,20.2,74.7,5,,,,,,,20.2,74.7,5,,,,,,,,,,,,,,,,,,,,,,,,,,,,,,,,,,
Centipede (Evil),Common,,Jungle,N/A,25,N/A,10,N/A,,,,,"Straight while slightly turning. Turns randomly if it hits a wall. If a segment dies, any new front segment that's formed turns sharply. Very slow","Uranium, bulb or nearby friendly unit",Toward the friendly unit. Moderate speed,N/A,N/A,N/A,"Typically spawns with 10 segments, but has a rare chance of spawning with 50 (if rare-).","Grapes
Iris",Grapes,5,19.1,3.5,,,,,,Iris,5,19.1,3.5,,,,,,N/A,,,,,,,,,,,,,,,,,,,,,,,,,,,,,,,,,
,Unusual,,,,93.8,,30,,,,,,,,,,,,,,,,51,13.2,,,,,,,,51,13.2,,,,,,,,,,,,,,,,,,,,,,,,,,,,,,,,,,,,,,,
,Rare,,,,337.5,,90,,,,,,,,,,,,,,,,42.6,55.1,2.1,,,,,,,42.6,55.1,2.1,,,,,,,,,,,,,,,,,,,,,,,,,,,,,,,,,,,,,,
,Epic,,,,1350,,270,,,,,,,,,,,,,,,,,58.2,39.2,2.6,,,,,,,58.2,39.2,2.6,,,,,,,,,,,,,,,,,,,,,,,,,,,,,,,,,,,,,
,Legendary,,,,10125,,810,,,,,,,,,,,,,,,,,,59.1,39.9,1,,,,,,,59.1,39.9,1,,,,,,,,,,,,,,,,,,,,,,,,,,,,,,,,,,,,
,Mythic,,,,60750,,2430,,,,,,,,,,,,,,,,,,,59.6,40.2,0.2,,,,,,,59.6,40.2,0.2,,,,,,,,,,,,,,,,,,,,,,,,,,,,,,,,,,,
,Ultra,,,,1825000,,7290,,,,,,,,,,,,,,,,,,,,96.9,3,0.1,,,,,,,96.9,3,0.1,,,,,,,,,,,,,,,,,,,,,,,,,,,,,,,,,,
,Super,,,,32800000,,21870,,,,,,,,,,,,,,,,,,,,20.2,74.7,5,,,,,,,20.2,74.7,5,,,,,,,,,,,,,,,,,,,,,,,,,,,,,,,,,,
Centipede (Desert),Common,,Desert,N/A,25,N/A,10,N/A,,,,,"Straight while slightly turning. Turns randomly if it hits a wall. If a segment dies, any new front segment that's formed turns sharply. Very fast.","Rare-
Uranium

Epic+
Uranium, bulb or damage (front segment only)",Toward the friendly unit. Very fast.,N/A,N/A,N/A,"Typically spawns with 10 segments, but has a rare chance of spawning with 50 (if rare-). Occasionally stops and makes itself immune to damage for a short period, during which all segments become grey circles. The centipede cannot deal damage to flowers during this.","Salt
Powder",Salt,2,45.5,10.1,,,,,,Powder,5,19.1,3.5,,,,,,N/A,,,,,,,,,,,,,,,,,,,,,,,,,,,,,,,,,
,Unusual,,,,93.8,,30,,,,,,,,,,,,,,,,61.3,34.8,,,,,,,,51,13.2,,,,,,,,,,,,,,,,,,,,,,,,,,,,,,,,,,,,,,,
,Rare,,,,337.5,,90,,,,,,,,,,,,,,,,7.7,86,6.3,,,,,,,42.6,55.1,2.1,,,,,,,,,,,,,,,,,,,,,,,,,,,,,,,,,,,,,,
,Epic,,,,1350,,270,,,,,,,,,,,,,,,,,19.7,72.7,7.6,,,,,,,58.2,39.2,2.6,,,,,,,,,,,,,,,,,,,,,,,,,,,,,,,,,,,,,
,Legendary,,,,10125,,810,,,,,,,,,,,,,,,,,,20.7,76.3,3.1,,,,,,,59.1,39.9,1,,,,,,,,,,,,,,,,,,,,,,,,,,,,,,,,,,,,
,Mythic,,,,60750,,2430,,,,,,,,,,,,,,,,,,,21.2,78.3,0.5,,,,,,,59.6,40.2,0.2,,,,,,,,,,,,,,,,,,,,,,,,,,,,,,,,,,,
,Ultra,,,,1825000,,7290,,,,,,,,,,,,,,,,,,,,90.9,8.8,0.3,,,,,,,96.9,3,0.1,,,,,,,,,,,,,,,,,,,,,,,,,,,,,,,,,,
,Super,,,,32800000,,21870,,,,,,,,,,,,,,,,,,,,0.8,84.8,14.3,,,,,,,20.2,74.7,5,,,,,,,,,,,,,,,,,,,,,,,,,,,,,,,,,,
Crab,Common,,Ocean,N/A,150,N/A,25,N/A,,,,,Random curved lines for a few tiles before stopping and changing directions. Slow,"Uranium, bulb or nearby friendly unit","Toward the friendly unit but attempts to stay a distance away by running in circles around the friendly unit. Charges at the friendly unit randomly, not changing directions while doing so. If it misses, it'll circle again. Very fast",N/A,N/A,N/A,N/A,"Claw
Sand",Claw,1,59.8,16.4,,,,,,Sand,5,19.1,3.5,,,,,,N/A,,,,,,,,,,,,,,,,,,,,,,,,,,,,,,,,,
,Unusual,,,,562.8,,75,,,,,,,,,,,,,,,,48.5,51.2,,,,,,,,51,13.2,,,,,,,,,,,,,,,,,,,,,,,,,,,,,,,,,,,,,,,
,Rare,,,,2025,,225,,,,,,,,,,,,,,,,1.3,88.4,10.3,,,,,,,42.6,55.1,2.1,,,,,,,,,,,,,,,,,,,,,,,,,,,,,,,,,,,,,,
,Epic,,,,8100,,675,,,,,,,,,,,,,,,,,6.7,81,12.3,,,,,,,58.2,39.2,2.6,,,,,,,,,,,,,,,,,,,,,,,,,,,,,,,,,,,,,
,Legendary,,,,60750,,2025,,,,,,,,,,,,,,,,,,7.2,87.7,5,,,,,,,59.1,39.9,1,,,,,,,,,,,,,,,,,,,,,,,,,,,,,,,,,,,,
,Mythic,,,,364500,,6075,,,,,,,,,,,,,,,,,,,7.5,91.7,0.8,,,,,,,59.6,40.2,0.2,,,,,,,,,,,,,,,,,,,,,,,,,,,,,,,,,,,
,Ultra,,,,10950000,,18225,,,,,,,,,,,,,,,,,,,,85.2,14.3,0.5,,,,,,,96.9,3,0.1,,,,,,,,,,,,,,,,,,,,,,,,,,,,,,,,,,
,Super,,,,196800000,,54675,,,,,,,,,,,,,,,,,,,,,77.2,22.7,,,,,,,20.2,74.7,5,,,,,,,,,,,,,,,,,,,,,,,,,,,,,,,,,,
Dandelion,Common,,Garden,N/A,25,N/A,15,Missile Health; Missile Damage; Duration,50,15,30,N/A,Stationary,N/A,N/A,N/A,N/A,N/A,"Shoots out 10 dandelions upon first damage, shooting out one a time until the full circle is released. Each dandelion projectile may be destroyed by contact before it is shot. Dandelions reduce healing by 20%, stacking multiplicatively, for 30 seconds.",Dandelion,Dandelion,6,63.8,19.4,,,,,,N/A,,,,,,,,,N/A,,,,,,,,,,,,,,,,,,,,,,,,,,,,,,,,,
,Unusual,,,,93.8,,45,,150,45,30,,,,,,,,,,,,42,57.9,,,,,,,,,,,,,,,,,,,,,,,,,,,,,,,,,,,,,,,,,,,,,,,,
,Rare,,,,337.5,,135,,450,135,30,,,,,,,,,,,,0.6,87.2,12.2,,,,,,,,,,,,,,,,,,,,,,,,,,,,,,,,,,,,,,,,,,,,,,,
,Epic,,,,1350,,405,,1350,405,30,,,,,,,,,,,,,3.9,81.5,14.6,,,,,,,,,,,,,,,,,,,,,,,,,,,,,,,,,,,,,,,,,,,,,,
,Legendary,,,,10125,,1215,,4050,1215,30,,,,,,,,,,,,,,4.3,89.7,6,,,,,,,,,,,,,,,,,,,,,,,,,,,,,,,,,,,,,,,,,,,,,
,Mythic,,,,60750,,3645,,12150,3645,30,,,,,,,,,,,,,,,4.5,94.5,1,,,,,,,,,,,,,,,,,,,,,,,,,,,,,,,,,,,,,,,,,,,,
,Ultra,,,,1825000,,10935,,36450,10935,30,,,,,,,,,,,,,,,,82.6,16.8,0.6,,,,,,,,,,,,,,,,,,,,,,,,,,,,,,,,,,,,,,,,,,,
,Super,,,,32800000,,32805,,109350,32805,30,,,,,,,,,,,,,,,,,73.4,26.6,,,,,,,,,,,,,,,,,,,,,,,,,,,,,,,,,,,,,,,,,,,
Digger,Common,,Hell,N/A,375,N/A,30,N/A,,,,,"Wanders in straight lines, turning randomly when hitting a wall. Moderate speed.",Nearby hostile unit,Toward hostile mobs. Moderate speed,Very low health (~2%),Away from hostile mobs. Moderate speed.,N/A,"Friendly unit - Does not harm player, damages hostile mobs.

Small chance (10%) of spawning in a rare+ Ant Hole/Fire Ant Burrow when the first player enters it, matching the mobs's rarity. Automatically loses HP over time.","Cutter
Uranium",Cutter,2,45.5,10.1,,,,,,Uranium,2,45.5,10.1,,,,,,N/A,,,,,,,,,,,,,,,,,,,,,,,,,,,,,,,,,
,Unusual,,,,1407,,90,,,,,,,,,,,,,,,,61.3,34.8,,,,,,,,61.3,34.8,,,,,,,,,,,,,,,,,,,,,,,,,,,,,,,,,,,,,,,
,Rare,,,,5062.5,,270,,,,,,,,,,,,,,,,7.7,86,6.3,,,,,,,7.7,86,6.3,,,,,,,,,,,,,,,,,,,,,,,,,,,,,,,,,,,,,,
,Epic,,,,20250,,810,,,,,,,,,,,,,,,,,19.7,72.7,7.6,,,,,,,19.7,72.7,7.6,,,,,,,,,,,,,,,,,,,,,,,,,,,,,,,,,,,,,
,Legendary,,,,151875,,2430,,,,,,,,,,,,,,,,,,20.7,76.3,3.1,,,,,,,20.7,76.3,3.1,,,,,,,,,,,,,,,,,,,,,,,,,,,,,,,,,,,,
,Mythic,,,,911250,,7290,,,,,,,,,,,,,,,,,,,21.2,78.3,0.5,,,,,,,21.2,78.3,0.5,,,,,,,,,,,,,,,,,,,,,,,,,,,,,,,,,,,
,Ultra,,,,27375000,,21870,,,,,,,,,,,,,,,,,,,,90.9,8.8,0.3,,,,,,,90.9,8.8,0.3,,,,,,,,,,,,,,,,,,,,,,,,,,,,,,,,,,
,Super,,,,492000000,,65610,,,,,,,,,,,,,,,,,,,,0.8,84.8,14.3,,,,,,,0.8,84.8,14.3,,,,,,,,,,,,,,,,,,,,,,,,,,,,,,,,,,
Fire Ant Burrow,Common,,Desert,N/A,N/A,,,N/A,,,,,Stationary,"Unusual-
Nearby flower

Rare+
No aggression",Mass spawns fire ants,N/A,N/A,N/A,"Spawns fire ants in mass when approached, dying upon doing so.
If it's rare or higher, the hole doesn't release ants, instead being entered upon touch. All ants are Soldier Fire Ants and the same rarity as the hole or 1 or 2 rarities below.
Each hole counts as a separate area. Living squad mates not in the same area as the player show up with a question mark (dead ones show up as dead). Players in the hole may only leave after all ants in the hole have been killed. Moving to a new area grants 1 second of invincibility.
Rare+ Ant Holes will die after awhile if ants have been spawned, releasing everything inside (except petals with a laydown ability).","Magnet
Disc",Magnet,8,66.2,30.6,,,,,,Disc,6,63.8,19.4,,,,,,N/A,,,,,,,,,,,,,,,,,,,,,,,,,,,,,,,,,
,Unusual,,,,,,,,,,,,,,,,,,,,,,23.2,76.8,,,,,,,,42,57.9,,,,,,,,,,,,,,,,,,,,,,,,,,,,,,,,,,,,,,,
,Rare,,,,,,,,,,,,,,,,,,,,,,,80.5,19.5,,,,,,,0.6,87.2,12.2,,,,,,,,,,,,,,,,,,,,,,,,,,,,,,,,,,,,,,
,Epic,,,,,,,,,,,,,,,,,,,,,,,,76.4,23.1,,,,,,,3.9,81.5,14.6,,,,,,,,,,,,,,,,,,,,,,,,,,,,,,,,,,,,,
,Legendary,,,,,,,,,,,,,,,,,,,,,,,,0.5,89.7,9.8,,,,,,,4.3,89.7,6,,,,,,,,,,,,,,,,,,,,,,,,,,,,,,,,,,,,
,Mythic,,,,,,,,,,,,,,,,,,,,,,,,,0.6,97.8,1.6,,,,,,,4.5,94.5,1,,,,,,,,,,,,,,,,,,,,,,,,,,,,,,,,,,,
,Ultra,,,,,,,,,,,,,,,,,,,,,,,,,,72.6,26.3,1,,,,,,,82.6,16.8,0.6,,,,,,,,,,,,,,,,,,,,,,,,,,,,,,,,,,
,Super,,,,,,,,,,,,,,,,,,,,,,,,,,,59.7,40.3,,,,,,,,73.4,26.6,,,,,,,,,,,,,,,,,,,,,,,,,,,,,,,,,,
Fire Ant Egg,Common,,Hell,N/A,150,N/A,3,N/A,,,,,Stationary,N/A,N/A,N/A,N/A,N/A,"Spawns naturally only in specific areas and may release an aggressive Baby Fire Ant on death.
Can also be laid by Queen Fire Ants, spawning two rarities below the queen's rarity. Eggs laid by Queens shortly hatch into a Soldier Fire Ant of the same rarity.",Ant Egg,Ant Egg,1,59.8,16.4,,,,,,N/A,,,,,,,,,N/A,,,,,,,,,,,,,,,,,,,,,,,,,,,,,,,,,
,Unusual,,,,562.8,,9,,,,,,,,,,,,,,,,48.5,51.2,,,,,,,,,,,,,,,,,,,,,,,,,,,,,,,,,,,,,,,,,,,,,,,,
,Rare,,,,2025,,27,,,,,,,,,,,,,,,,1.3,88.4,10.3,,,,,,,,,,,,,,,,,,,,,,,,,,,,,,,,,,,,,,,,,,,,,,,
,Epic,,,,8100,,81,,,,,,,,,,,,,,,,,6.7,81,12.3,,,,,,,,,,,,,,,,,,,,,,,,,,,,,,,,,,,,,,,,,,,,,,
,Legendary,,,,60750,,243,,,,,,,,,,,,,,,,,,7.2,87.7,5,,,,,,,,,,,,,,,,,,,,,,,,,,,,,,,,,,,,,,,,,,,,,
,Mythic,,,,364500,,729,,,,,,,,,,,,,,,,,,,7.5,91.7,0.8,,,,,,,,,,,,,,,,,,,,,,,,,,,,,,,,,,,,,,,,,,,,
,Ultra,,,,10950000,,2187,,,,,,,,,,,,,,,,,,,,85.2,14.3,0.5,,,,,,,,,,,,,,,,,,,,,,,,,,,,,,,,,,,,,,,,,,,
,Super,,,,196800000,,6561,,,,,,,,,,,,,,,,,,,,,77.2,22.7,,,,,,,,,,,,,,,,,,,,,,,,,,,,,,,,,,,,,,,,,,,
Firefly,Common,,Jungle,N/A,15,N/A,10,Lightning; Bounces,13,5,N/A,,Random slightly curved lines before changing directions. Moderate speed.,"Unusual-
Uranium

Rare+
Uranium, bulb or damage",Toward the friendly unit in a curvy motion. Moderate speed.,N/A,N/A,N/A,Shoots lightning upon contact with a friendly unit.,"Wing
Bulb
Battery",Wing,1,59.8,16.4,,,,,,Bulb,1,59.8,16.4,,,,,,Battery,5,19.1,3.5,,,,,,,,,,,,,,,,,,,,,,,,,,,,,,
,Unusual,,,,56.28,,30,,39,6,,,,,,,,,,,,,48.5,51.2,,,,,,,,48.5,51.2,,,,,,,,51,13.2,,,,,,,,,,,,,,,,,,,,,,,,,,,,,,
,Rare,,,,202.5,,90,,117,7,,,,,,,,,,,,,1.3,88.4,10.3,,,,,,,1.3,88.4,10.3,,,,,,,42.6,55.1,2.1,,,,,,,,,,,,,,,,,,,,,,,,,,,,,
,Epic,,,,810,,270,,351,8,,,,,,,,,,,,,,6.7,81,12.3,,,,,,,6.7,81,12.3,,,,,,,58.2,39.2,2.6,,,,,,,,,,,,,,,,,,,,,,,,,,,,
,Legendary,,,,6075,,810,,1053,9,,,,,,,,,,,,,,,7.2,87.7,5,,,,,,,7.2,87.7,5,,,,,,,59.1,39.9,1,,,,,,,,,,,,,,,,,,,,,,,,,,,
,Mythic,,,,36450,,2430,,3159,10,,,,,,,,,,,,,,,,7.5,91.7,0.8,,,,,,,7.5,91.7,0.8,,,,,,,59.6,40.2,0.2,,,,,,,,,,,,,,,,,,,,,,,,,,
,Ultra,,,,1095000,,7290,,9477,11,,,,,,,,,,,,,,,,,85.2,14.3,0.5,,,,,,,85.2,14.3,0.5,,,,,,,96.9,3,0.1,,,,,,,,,,,,,,,,,,,,,,,,,
,Super,,,,19680000,,21870,,28431,12,,,,,,,,,,,,,,,,,,77.2,22.7,,,,,,,,77.2,22.7,,,,,,,20.2,74.7,5,,,,,,,,,,,,,,,,,,,,,,,,,
Fly,Common,,Sewer,A buzzing noise echoes through the sewer tunnels...,15,N/A,10,Evasion,50%,N/A,,,Random straight lines before stopping and changing directions. Very fast.,"Uranium, bulb or nearby friendly unit",Toward the friendly unit in a curvy motion. Very fast,N/A,N/A,N/A,Has a 50% chance of dodging attacks.,"Wing
Poo
Talisman",Wing,1,59.8,16.4,,,,,,Poo,1,59.8,16.4,,,,,,Talisman,3,34.1,6.9,,,,,,,,,,,,,,,,,,,,,,,,,,,,,,
,Unusual,,,,56.28,,30,,50%,,,,,,,,,,,,,,48.5,51.2,,,,,,,,48.5,51.2,,,,,,,,63.1,24.7,,,,,,,,,,,,,,,,,,,,,,,,,,,,,,
,Rare,,,,202.5,,90,,50%,,,,,,,,,,,,,,1.3,88.4,10.3,,,,,,,1.3,88.4,10.3,,,,,,,18.2,77.6,4.2,,,,,,,,,,,,,,,,,,,,,,,,,,,,,
,Epic,,,,810,,270,,50%,,,,,,,,,,,,,,,6.7,81,12.3,,,,,,,6.7,81,12.3,,,,,,,33.8,61,5.1,,,,,,,,,,,,,,,,,,,,,,,,,,,,
,Legendary,,,,6075,,810,,50%,,,,,,,,,,,,,,,,7.2,87.7,5,,,,,,,7.2,87.7,5,,,,,,,34.9,63,2,,,,,,,,,,,,,,,,,,,,,,,,,,,
,Mythic,,,,36450,,2430,,50%,,,,,,,,,,,,,,,,,7.5,91.7,0.8,,,,,,,7.5,91.7,0.8,,,,,,,35.6,64.1,0.3,,,,,,,,,,,,,,,,,,,,,,,,,,
,Ultra,,,,1095000,,7290,,50%,,,,,,,,,,,,,,,,,,85.2,14.3,0.5,,,,,,,85.2,14.3,0.5,,,,,,,93.8,6,0.2,,,,,,,,,,,,,,,,,,,,,,,,,
,Super,,,,19680000,,21870,,50%,,,,,,,,,,,,,,,,,,,77.2,22.7,,,,,,,,77.2,22.7,,,,,,,4.1,86.1,9.8,,,,,,,,,,,,,,,,,,,,,,,,,
Hornet,Common,,Garden,A big yellow spot shows up in the distance...,62.5,N/A,50,Missile Health; Missile Damage,100,10,N/A,,Random curved lines for a few tiles before stopping and changing directions. Slow,"Uranium, bulb or nearby friendly unit","Toward the friendly unit. Moderate speed. Stops ~5 tiles away from the friendly unit and slowly circles. Shoots missiles toward the friendly unit if they're nearby, stopping and turning around when doing so. Missiles inflict slight recoil on the mob.",N/A,N/A,"Periodically fires missiles in a circle (missiles are of two rarities beneath the boss's). Recoil still occurs during this attack, so the hornet moves in a large circle.

Periodically spawns 5 hornets two rarities beneath the boss's.","Fires missiles at the player.
Epic+ spawn as ""Einstein"" hornets that shoot based on the predicted location of the player. Higher rarity hornets shoot missiles more often.","Missile
Orange
Antennae",Missile,1,59.8,16.4,,,,,,Orange,1,59.8,16.4,,,,,,Antennae,3,34.1,6.9,,,,,,,,,,,,,,,,,,,,,,,,,,,,,,
,Unusual,,,,234.5,,150,,300,30,,,,,,,,,,,,,48.5,51.2,,,,,,,,48.5,51.2,,,,,,,,63.1,24.7,,,,,,,,,,,,,,,,,,,,,,,,,,,,,,
,Rare,,,,843.75,,450,,900,90,,,,,,,,,,,,,1.3,88.4,10.3,,,,,,,1.3,88.4,10.3,,,,,,,18.2,77.6,4.2,,,,,,,,,,,,,,,,,,,,,,,,,,,,,
,Epic,,,,3375,,1350,,2700,270,,,,,,,,,,,,,,6.7,81,12.3,,,,,,,6.7,81,12.3,,,,,,,33.8,61,5.1,,,,,,,,,,,,,,,,,,,,,,,,,,,,
,Legendary,,,,25312.5,,4050,,8100,810,,,,,,,,,,,,,,,7.2,87.7,5,,,,,,,7.2,87.7,5,,,,,,,34.9,63,2,,,,,,,,,,,,,,,,,,,,,,,,,,,
,Mythic,,,,151875,,12150,,24300,2430,,,,,,,,,,,,,,,,7.5,91.7,0.8,,,,,,,7.5,91.7,0.8,,,,,,,35.6,64.1,0.3,,,,,,,,,,,,,,,,,,,,,,,,,,
,Ultra,,,,4562500,,36450,,72900,7290,,,,,,,,,,,,,,,,,85.2,14.3,0.5,,,,,,,85.2,14.3,0.5,,,,,,,93.8,6,0.2,,,,,,,,,,,,,,,,,,,,,,,,,
,Super,,,,82000000,,109350,,218700,21870,,,,,,,,,,,,,,,,,,77.2,22.7,,,,,,,,77.2,22.7,,,,,,,4.1,86.1,9.8,,,,,,,,,,,,,,,,,,,,,,,,,
Jellyfish,Common,,Ocean,You hear lightning strikes coming from a far distance...,125,N/A,25,Lightning; Bounces,7,2,N/A,,"Circles, with slight changes in movement and wobbling. Slow","Uranium, bulb or nearby friendly unit","Aggressive - Toward the friendly unit, shooting lightning if they're nearby. Slow",N/A,N/A,"Occasionally releases shockwaves that damage all nearby flowers, destroys all nearby petals and temporarily disables most petals. Disabled petals have an X over them and do not orbit. Not orbiting petals still retain passive effects if disabled.",Shoots lightning in a moderate radius around it.,"Lightning
Jelly",Lightning,2,45.5,10.1,,,,,,Jelly,1,59.8,16.4,,,,,,N/A,,,,,,,,,,,,,,,,,,,,,,,,,,,,,,,,,
,Unusual,,,,469,,75,,21,3,,,,,,,,,,,,,61.3,34.8,,,,,,,,48.5,51.2,,,,,,,,,,,,,,,,,,,,,,,,,,,,,,,,,,,,,,,
,Rare,,,,1687.5,,225,,63,4,,,,,,,,,,,,,7.7,86,6.3,,,,,,,1.3,88.4,10.3,,,,,,,,,,,,,,,,,,,,,,,,,,,,,,,,,,,,,,
,Epic,,,,6750,,675,,189,5,,,,,,,,,,,,,,19.7,72.7,7.6,,,,,,,6.7,81,12.3,,,,,,,,,,,,,,,,,,,,,,,,,,,,,,,,,,,,,
,Legendary,,,,50625,,2025,,567,6,,,,,,,,,,,,,,,20.7,76.3,3.1,,,,,,,7.2,87.7,5,,,,,,,,,,,,,,,,,,,,,,,,,,,,,,,,,,,,
,Mythic,,,,303750,,6075,,1701,7,,,,,,,,,,,,,,,,21.2,78.3,0.5,,,,,,,7.5,91.7,0.8,,,,,,,,,,,,,,,,,,,,,,,,,,,,,,,,,,,
,Ultra,,,,9125000,,18225,,5103,8,,,,,,,,,,,,,,,,,90.9,8.8,0.3,,,,,,,85.2,14.3,0.5,,,,,,,,,,,,,,,,,,,,,,,,,,,,,,,,,,
,Super,,,,164000000,,54675,,15309,9,,,,,,,,,,,,,,,,,0.8,84.8,14.3,,,,,,,,77.2,22.7,,,,,,,,,,,,,,,,,,,,,,,,,,,,,,,,,,
Ladybug (Light),Common,,Garden,N/A,62.5,N/A,10,N/A,,,,,Random straight lines for a few tiles before stopping and changing directions. Slow,"Unusual-
Uranium

Rare+
Uranium, bulb or damage",Toward the friendly unit. Moderate speed,N/A,N/A,N/A,N/A,"Rose
Light",Rose,1,59.8,16.4,,,,,,Light,1,59.8,16.4,,,,,,N/A,,,,,,,,,,,,,,,,,,,,,,,,,,,,,,,,,
,Unusual,,,,234.5,,30,,,,,,,,,,,,,,,,48.5,51.2,,,,,,,,48.5,51.2,,,,,,,,,,,,,,,,,,,,,,,,,,,,,,,,,,,,,,,
,Rare,,,,843.75,,90,,,,,,,,,,,,,,,,1.3,88.4,10.3,,,,,,,1.3,88.4,10.3,,,,,,,,,,,,,,,,,,,,,,,,,,,,,,,,,,,,,,
,Epic,,,,3375,,270,,,,,,,,,,,,,,,,,6.7,81,12.3,,,,,,,6.7,81,12.3,,,,,,,,,,,,,,,,,,,,,,,,,,,,,,,,,,,,,
,Legendary,,,,25312.5,,810,,,,,,,,,,,,,,,,,,7.2,87.7,5,,,,,,,7.2,87.7,5,,,,,,,,,,,,,,,,,,,,,,,,,,,,,,,,,,,,
,Mythic,,,,151875,,2430,,,,,,,,,,,,,,,,,,,7.5,91.7,0.8,,,,,,,7.5,91.7,0.8,,,,,,,,,,,,,,,,,,,,,,,,,,,,,,,,,,,
,Ultra,,,,4562500,,7290,,,,,,,,,,,,,,,,,,,,85.2,14.3,0.5,,,,,,,85.2,14.3,0.5,,,,,,,,,,,,,,,,,,,,,,,,,,,,,,,,,,
,Super,,,,82000000,,21870,,,,,,,,,,,,,,,,,,,,,77.2,22.7,,,,,,,,77.2,22.7,,,,,,,,,,,,,,,,,,,,,,,,,,,,,,,,,,
Ladybug (Dark),Common,,Jungle,N/A,87.5,N/A,10,N/A,,,,,Random straight lines for a few tiles before stopping and changing directions. Slow,"Uranium, bulb or damage",Toward the friendly unit. Moderate speed,N/A,N/A,N/A,N/A,"Dahlia
Yin Yang",Dahlia,1,59.8,16.4,,,,,,Yin Yang,3,34.1,6.9,,,,,,N/A,,,,,,,,,,,,,,,,,,,,,,,,,,,,,,,,,
,Unusual,,,,328.3,,30,,,,,,,,,,,,,,,,48.5,51.2,,,,,,,,63.1,24.7,,,,,,,,,,,,,,,,,,,,,,,,,,,,,,,,,,,,,,,
,Rare,,,,1181.25,,90,,,,,,,,,,,,,,,,1.3,88.4,10.3,,,,,,,18.2,77.6,4.2,,,,,,,,,,,,,,,,,,,,,,,,,,,,,,,,,,,,,,
,Epic,,,,4725,,270,,,,,,,,,,,,,,,,,6.7,81,12.3,,,,,,,33.8,61,5.1,,,,,,,,,,,,,,,,,,,,,,,,,,,,,,,,,,,,,
,Legendary,,,,35437.5,,810,,,,,,,,,,,,,,,,,,7.2,87.7,5,,,,,,,34.9,63,2,,,,,,,,,,,,,,,,,,,,,,,,,,,,,,,,,,,,
,Mythic,,,,212625,,2430,,,,,,,,,,,,,,,,,,,7.5,91.7,0.8,,,,,,,35.6,64.1,0.3,,,,,,,,,,,,,,,,,,,,,,,,,,,,,,,,,,,
,Ultra,,,,6387500,,7290,,,,,,,,,,,,,,,,,,,,85.2,14.3,0.5,,,,,,,93.8,6,0.2,,,,,,,,,,,,,,,,,,,,,,,,,,,,,,,,,,
,Super,,,,114800000,,21870,,,,,,,,,,,,,,,,,,,,,77.2,22.7,,,,,,,4.1,86.1,9.8,,,,,,,,,,,,,,,,,,,,,,,,,,,,,,,,,,
Ladybug (Shiny),Common,,Desert,N/A,87.5,N/A,10,N/A,,,,,Random straight lines for a few tiles before stopping and changing directions. Slow,"Uranium, bulb or damage",Toward the friendly unit. Moderate speed,N/A,N/A,N/A,Very low spawn rate,"Rose
Dahlia
Yggdrasil",Rose,4,46.8,53.2,,,,,,Dahlia,4,46.8,53.2,,,,,,Yggdrasil,8,66.2,30.6,,,,,,,,,,,,,,,,,,,,,,,,,,,,,,
,Unusual,,,,328.3,,30,,,,,,,,,,,,,,,,4.8,95.2,,,,,,,,4.8,95.2,,,,,,,,23.2,76.8,,,,,,,,,,,,,,,,,,,,,,,,,,,,,,
,Rare,,,,1181.25,,90,,,,,,,,,,,,,,,,,64.8,35.2,,,,,,,,64.8,35.2,,,,,,,,80.5,19.5,,,,,,,,,,,,,,,,,,,,,,,,,,,,,
,Epic,,,,4725,,270,,,,,,,,,,,,,,,,,,59.1,40.9,,,,,,,,59.1,40.9,,,,,,,,76.4,23.1,,,,,,,,,,,,,,,,,,,,,,,,,,,,
,Legendary,,,,35437.5,,810,,,,,,,,,,,,,,,,,,,81.3,18.7,,,,,,,,81.3,18.7,,,,,,,0.5,89.7,9.8,,,,,,,,,,,,,,,,,,,,,,,,,,,
,Mythic,,,,212625,,2430,,,,,,,,,,,,,,,,,,,,96.9,3.1,,,,,,,,96.9,3.1,,,,,,,0.6,97.8,1.6,,,,,,,,,,,,,,,,,,,,,,,,,,
,Ultra,,,,6387500,,7290,,,,,,,,,,,,,,,,,,,,52.8,45.2,2,,,,,,,52.8,45.2,2,,,,,,,72.6,26.3,1,,,,,,,,,,,,,,,,,,,,,,,,,
,Super,,,,114800000,,21870,,,,,,,,,,,,,,,,,,,,,35.7,64.3,,,,,,,,35.7,64.3,,,,,,,,59.7,40.3,,,,,,,,,,,,,,,,,,,,,,,,,
Leafbug,Common,,Jungle,N/A,50,N/A,30,Armor,11,N/A,,,Random straight lines for a few tiles before stopping and changing directions. Slow,"Uranium, bulb or damage (not triggered if 0 damage is dealt)",Towards the friendly unit. Moderate speed.,Unknown,Unknown,N/A,See Statuses for more info on armor,"Leaf
Root",Leaf,1,59.8,16.4,,,,,,Root,1,59.8,16.4,,,,,,N/A,,,,,,,,,,,10,,,,,,,,,,,,,,,,,,,,,,
,Unusual,,,,187.6,,90,,33,,,,,,,,,,,,,,48.5,51.2,,,,,,,,48.5,51.2,,,,,,,,,,,,,,,,,,,,,,,,,,,,,,,,,,,,,,,
,Rare,,,,675,,270,,98,,,,,,,,,,,,,,1.3,88.4,10.3,,,,,,,1.3,88.4,10.3,,,,,,,,,,,,,,,,,,,,,,,,,,,,,,,,,,,,,,
,Epic,,,,2700,,810,,294,,,,,,,,,,,,,,,6.7,81,12.3,,,,,,,6.7,81,12.3,,,,,,,,,,,,,,,,,,,,,,,,,,,,,,,,,,,,,
,Legendary,,,,20250,,2430,,883,,,,,,,,,,,,,,,,7.2,87.7,5,,,,,,,7.2,87.7,5,,,,,,,,,,,,,,,,,,,,,,,,,,,,,,,,,,,,
,Mythic,,,,121500,,7290,,2649,,,,,,,,,,,,,,,,,7.5,91.7,0.8,,,,,,,7.5,91.7,0.8,,,,,,,,,,,,,,,,,,,,,,,,,,,,,,,,,,,
,Ultra,,,,3650000,,21870,,7946,,,,,,,,,,,,,,,,,,85.2,14.3,0.5,,,,,,,85.2,14.3,0.5,,,,,,,,,,,,,,,,,,,,,,,,,,,,,,,,,,
,Super,,,,65600000,,65610,,22526,,,,,,,,,,,,,,,,,,,77.2,22.7,,,,,,,,77.2,22.7,,,,,,,,,,,,,,,,,,,,,,,,,,,,,,,,,,
Leech,Common,,Ocean,N/A,175,N/A,10,Lifesteal,7,N/A,,,Random curves for a few tiles before changing directions. Slow,"Uranium, bulb or nearby friendly unit","Toward the friendly unit. Once it makes contact with the target, it'll move at the same speed, periodically draining HP from the victim to heal itself. It is immune to body damage while doing this. Very fast",N/A,N/A,N/A,"Has multiple segments that share health, so lightning can chain between them.","Fangs
Faster",Fangs,1,59.8,16.4,,,,,,Faster,1,59.8,16.4,,,,,,N/A,,,,,,,,,,,,,,,,,,,,,,,,,,,,,,,,,
,Unusual,,,,656.6,,30,,21,,,,,,,,,,,,,,48.5,51.2,,,,,,,,48.5,51.2,,,,,,,,,,,,,,,,,,,,,,,,,,,,,,,,,,,,,,,
,Rare,,,,2362.5,,90,,63,,,,,,,,,,,,,,1.3,88.4,10.3,,,,,,,1.3,88.4,10.3,,,,,,,,,,,,,,,,,,,,,,,,,,,,,,,,,,,,,,
,Epic,,,,9450,,270,,189,,,,,,,,,,,,,,,6.7,81,12.3,,,,,,,6.7,81,12.3,,,,,,,,,,,,,,,,,,,,,,,,,,,,,,,,,,,,,
,Legendary,,,,70875,,810,,567,,,,,,,,,,,,,,,,7.2,87.7,5,,,,,,,7.2,87.7,5,,,,,,,,,,,,,,,,,,,,,,,,,,,,,,,,,,,,
,Mythic,,,,425250,,2430,,1701,,,,,,,,,,,,,,,,,7.5,91.7,0.8,,,,,,,7.5,91.7,0.8,,,,,,,,,,,,,,,,,,,,,,,,,,,,,,,,,,,
,Ultra,,,,12775000,,7290,,5103,,,,,,,,,,,,,,,,,,85.2,14.3,0.5,,,,,,,85.2,14.3,0.5,,,,,,,,,,,,,,,,,,,,,,,,,,,,,,,,,,
,Super,,,,229600000,,21870,,15309,,,,,,,,,,,,,,,,,,,77.2,22.7,,,,,,,,77.2,22.7,,,,,,,,,,,,,,,,,,,,,,,,,,,,,,,,,,
Mantis,Common,,Jungle,N/A,100,N/A,20,Missile Health; Missile Damage; Armor Debuff; Duration,50,2,-4,30,Random straight lines for a few tiles before stopping and changing directions. Slow,"Uranium, bulb or nearby friendly unit",Toward the friendly unit. Moderate speed. Stops ~5 tiles away from the friendly unit and slowly circles. Occasionally stops and rapidly shoots sets of 3 missiles toward the friendly unit. Missiles inflict slight recoil on the mob.,N/A,N/A,N/A,Decreases armor of the target. See Statuses for more info on armor.,"Peas
Bur",Peas,1,59.8,16.4,,,,,,Bur,1,59.8,16.4,,,,,,N/A,,,,,,,,,,,,,,,,,,,,,,,,,,,,,,,,,
,Unusual,,,,375.2,,60,,150,6,-12,30,,,,,,,,,,,48.5,51.2,,,,,,,,48.5,51.2,,,,,,,,,,,,,,,,,,,,,,,,,,,,,,,,,,,,,,,
,Rare,,,,1350,,180,,450,18,-36,30,,,,,,,,,,,1.3,88.4,10.3,,,,,,,1.3,88.4,10.3,,,,,,,,,,,,,,,,,,,,,,,,,,,,,,,,,,,,,,
,Epic,,,,5400,,540,,1350,54,-108,30,,,,,,,,,,,,6.7,81,12.3,,,,,,,6.7,81,12.3,,,,,,,,,,,,,,,,,,,,,,,,,,,,,,,,,,,,,
,Legendary,,,,40500,,1620,,4050,162,-324,30,,,,,,,,,,,,,7.2,87.7,5,,,,,,,7.2,87.7,5,,,,,,,,,,,,,,,,,,,,,,,,,,,,,,,,,,,,
,Mythic,,,,243000,,4860,,12150,486,-972,30,,,,,,,,,,,,,,7.5,91.7,0.8,,,,,,,7.5,91.7,0.8,,,,,,,,,,,,,,,,,,,,,,,,,,,,,,,,,,,
,Ultra,,,,7300000,,14580,,36450,1458,-2916,30,,,,,,,,,,,,,,,85.2,14.3,0.5,,,,,,,85.2,14.3,0.5,,,,,,,,,,,,,,,,,,,,,,,,,,,,,,,,,,
,Super,,,,131200000,,43740,,109350,4374,-8748,30,,,,,,,,,,,,,,,,77.2,22.7,,,,,,,,77.2,22.7,,,,,,,,,,,,,,,,,,,,,,,,,,,,,,,,,,
Moth,Common,,Sewer,There's a bright light in the horizon...,17.5,N/A,10,N/A,,,,,Random straight lines before stopping and changing directions. Very fast.,Uranium,Toward the friendly unit in a curvy motion. Very fast,Damage,Away from the friendly unit in a curvy motion. Very fast.,N/A,N/A,"Wing
Bulb",Wing,1,59.8,16.4,,,,,,Bulb,1,59.8,16.4,,,,,,N/A,,,,,,,,,,,,,,,,,,,,,,,,,,,,,,,,,
,Unusual,,,,65.66,,30,,,,,,,,,,,,,,,,48.5,51.2,,,,,,,,48.5,51.2,,,,,,,,,,,,,,,,,,,,,,,,,,,,,,,,,,,,,,,
,Rare,,,,236.25,,90,,,,,,,,,,,,,,,,1.3,88.4,10.3,,,,,,,1.3,88.4,10.3,,,,,,,,,,,,,,,,,,,,,,,,,,,,,,,,,,,,,,
,Epic,,,,945,,270,,,,,,,,,,,,,,,,,6.7,81,12.3,,,,,,,6.7,81,12.3,,,,,,,,,,,,,,,,,,,,,,,,,,,,,,,,,,,,,
,Legendary,,,,7087.5,,810,,,,,,,,,,,,,,,,,,7.2,87.7,5,,,,,,,7.2,87.7,5,,,,,,,,,,,,,,,,,,,,,,,,,,,,,,,,,,,,
,Mythic,,,,42525,,2430,,,,,,,,,,,,,,,,,,,7.5,91.7,0.8,,,,,,,7.5,91.7,0.8,,,,,,,,,,,,,,,,,,,,,,,,,,,,,,,,,,,
,Ultra,,,,1277500,,7290,,,,,,,,,,,,,,,,,,,,85.2,14.3,0.5,,,,,,,85.2,14.3,0.5,,,,,,,,,,,,,,,,,,,,,,,,,,,,,,,,,,
,Super,,,,22960000,,21870,,,,,,,,,,,,,,,,,,,,,77.2,22.7,,,,,,,,77.2,22.7,,,,,,,,,,,,,,,,,,,,,,,,,,,,,,,,,,
Queen Ant,Common,,Hell,N/A,250,N/A,10,N/A,,,,,Random straight lines for a few tiles before stopping and changing directions. Slow,"Uranium, bulb or nearby friendly unit",Towards the friendly unit with a slight delay in changing directions. Moderate speed,N/A,N/A,N/A,"Only spawns after an Ant Hole has dropped to 33% HP, inside of Ant Holes of rarity rare of higher or as an ultra in Ant Hell 2. Stops being aggressive if far from the Ant Hole. Lays Ant Eggs of two rarities beneath it which spawn soldier ants.","Wing
Basil
Ant Egg",Wing,6,63.8,19.4,,,,,,Basil,6,63.8,19.4,,,,,,Ant Egg,8,66.2,30.6,,,,,,,,,,,,,,,,,,,,,,,,,,,,,,
,Unusual,,,,938,,30,,,,,,,,,,,,,,,,42,57.9,,,,,,,,42,57.9,,,,,,,,23.2,76.8,,,,,,,,,,,,,,,,,,,,,,,,,,,,,,
,Rare,,,,3375,,90,,,,,,,,,,,,,,,,0.6,87.2,12.2,,,,,,,0.6,87.2,12.2,,,,,,,,80.5,19.5,,,,,,,,,,,,,,,,,,,,,,,,,,,,,
,Epic,,,,13500,,270,,,,,,,,,,,,,,,,,3.9,81.5,14.6,,,,,,,3.9,81.5,14.6,,,,,,,,76.4,23.1,,,,,,,,,,,,,,,,,,,,,,,,,,,,
,Legendary,,,,101250,,810,,,,,,,,,,,,,,,,,,4.3,89.7,6,,,,,,,4.3,89.7,6,,,,,,,0.5,89.7,9.8,,,,,,,,,,,,,,,,,,,,,,,,,,,
,Mythic,,,,607500,,2430,,,,,,,,,,,,,,,,,,,4.5,94.5,1,,,,,,,4.5,94.5,1,,,,,,,0.6,97.8,1.6,,,,,,,,,,,,,,,,,,,,,,,,,,
,Ultra,,,,18250000,,7290,,,,,,,,,,,,,,,,,,,,82.6,16.8,0.6,,,,,,,82.6,16.8,0.6,,,,,,,72.6,26.3,1,,,,,,,,,,,,,,,,,,,,,,,,,
,Super,,,,328000000,,21870,,,,,,,,,,,,,,,,,,,,,73.4,26.6,,,,,,,,73.4,26.6,,,,,,,,59.7,40.3,,,,,,,,,,,,,,,,,,,,,,,,,
Queen Fire Ant,Common,,Hell,N/A,250,N/A,20,N/A,,,,,Random straight lines for a few tiles before stopping and changing directions. Slow,"Uranium, bulb or nearby friendly unit",Towards the friendly unit. Moderate speed,N/A,N/A,N/A,Lays Fire Ant Eggs of two rarities beneath it which spawn Soldier Fire Ants.,"Wing
Basil
Ant Egg",Wing,6,63.8,19.4,,,,,,Basil,6,63.8,19.4,,,,,,Ant Egg,8,66.2,30.6,,,,,,,,,,,,,,,,,,,,,,,,,,,,,,
,Unusual,,,,938,,60,,,,,,,,,,,,,,,,42,57.9,,,,,,,,42,57.9,,,,,,,,23.2,76.8,,,,,,,,,,,,,,,,,,,,,,,,,,,,,,
,Rare,,,,3375,,180,,,,,,,,,,,,,,,,0.6,87.2,12.2,,,,,,,0.6,87.2,12.2,,,,,,,,80.5,19.5,,,,,,,,,,,,,,,,,,,,,,,,,,,,,
,Epic,,,,13500,,540,,,,,,,,,,,,,,,,,3.9,81.5,14.6,,,,,,,3.9,81.5,14.6,,,,,,,,76.4,23.1,,,,,,,,,,,,,,,,,,,,,,,,,,,,
,Legendary,,,,101250,,1620,,,,,,,,,,,,,,,,,,4.3,89.7,6,,,,,,,4.3,89.7,6,,,,,,,0.5,89.7,9.8,,,,,,,,,,,,,,,,,,,,,,,,,,,
,Mythic,,,,607500,,4860,,,,,,,,,,,,,,,,,,,4.5,94.5,1,,,,,,,4.5,94.5,1,,,,,,,0.6,97.8,1.6,,,,,,,,,,,,,,,,,,,,,,,,,,
,Ultra,,,,18250000,,14580,,,,,,,,,,,,,,,,,,,,82.6,16.8,0.6,,,,,,,82.6,16.8,0.6,,,,,,,72.6,26.3,1,,,,,,,,,,,,,,,,,,,,,,,,,
,Super,,,,328000000,,43740,,,,,,,,,,,,,,,,,,,,,73.4,26.6,,,,,,,,73.4,26.6,,,,,,,,59.7,40.3,,,,,,,,,,,,,,,,,,,,,,,,,
Roach,Common,,Sewer,N/A,62.5,N/A,20,N/A,,,,,Random straight lines for a few tiles before stopping and changing directions. Slow,"Uranium, bulb or damage",Toward the friendly unit. Very fast but slows down as HP drains.,N/A,N/A,Immune to uranium.,Speed slows down as HP lowers.,"Antennae
Lotus",Antennae,1,59.8,16.4,,,,,,Lotus,5,19.1,3.5,,,,,,N/A,,,,,,,,,,,,,,,,,,,,,,,,,,,,,,,,,
,Unusual,,,,234.5,,60,,,,,,,,,,,,,,,,48.5,51.2,,,,,,,,51,13.2,,,,,,,,,,,,,,,,,,,,,,,,,,,,,,,,,,,,,,,
,Rare,,,,843.75,,180,,,,,,,,,,,,,,,,1.3,88.4,10.3,,,,,,,42.6,55.1,2.1,,,,,,,,,,,,,,,,,,,,,,,,,,,,,,,,,,,,,,
,Epic,,,,3375,,540,,,,,,,,,,,,,,,,,6.7,81,12.3,,,,,,,58.2,39.2,2.6,,,,,,,,,,,,,,,,,,,,,,,,,,,,,,,,,,,,,
,Legendary,,,,25312.5,,1620,,,,,,,,,,,,,,,,,,7.2,87.7,5,,,,,,,59.1,39.9,1,,,,,,,,,,,,,,,,,,,,,,,,,,,,,,,,,,,,
,Mythic,,,,151875,,4860,,,,,,,,,,,,,,,,,,,7.5,91.7,0.8,,,,,,,59.6,40.2,0.2,,,,,,,,,,,,,,,,,,,,,,,,,,,,,,,,,,,
,Ultra,,,,4562500,,14580,,,,,,,,,,,,,,,,,,,,85.2,14.3,0.5,,,,,,,96.9,3,0.1,,,,,,,,,,,,,,,,,,,,,,,,,,,,,,,,,,
,Super,,,,82000000,,43740,,,,,,,,,,,,,,,,,,,,,77.2,22.7,,,,,,,20.2,74.7,5,,,,,,,,,,,,,,,,,,,,,,,,,,,,,,,,,,
Rock,Common,,Garden,Something mountain-like appears in the distance...,50,100,10,N/A,,,,,Stationary,N/A,N/A,N/A,N/A,Shoots out rocks 2-3 rarities beneath it at regular damage intervals. Rocks travel a short distance before stopping.,"Spawns with varying sizes/HP, even among the same rarity. May be pushed around slowly by other mobs and certain petals.","Rock
Heavy",Rock,2,45.5,10.1,,,,,,Heavy,5,19.1,3.5,,,,,,N/A,,,,,,,,,,,,,,,,,,,,,,,,,,,,,,,,,
,Unusual,,,,187.6,375.2,30,,,,,,,,,,,,,,,,61.3,34.8,,,,,,,,51,13.2,,,,,,,,,,,,,,,,,,,,,,,,,,,,,,,,,,,,,,,
,Rare,,,,675,1350,90,,,,,,,,,,,,,,,,7.7,86,6.3,,,,,,,42.6,55.1,2.1,,,,,,,,,,,,,,,,,,,,,,,,,,,,,,,,,,,,,,
,Epic,,,,2700,5400,270,,,,,,,,,,,,,,,,,19.7,72.7,7.6,,,,,,,58.2,39.2,2.6,,,,,,,,,,,,,,,,,,,,,,,,,,,,,,,,,,,,,
,Legendary,,,,20250,40500,810,,,,,,,,,,,,,,,,,,20.7,76.3,3.1,,,,,,,59.1,39.9,1,,,,,,,,,,,,,,,,,,,,,,,,,,,,,,,,,,,,
,Mythic,,,,121500,243000,2430,,,,,,,,,,,,,,,,,,,21.2,78.3,0.5,,,,,,,59.6,40.2,0.2,,,,,,,,,,,,,,,,,,,,,,,,,,,,,,,,,,,
,Ultra,,,,3650000,7300000,7290,,,,,,,,,,,,,,,,,,,,90.9,8.8,0.3,,,,,,,96.9,3,0.1,,,,,,,,,,,,,,,,,,,,,,,,,,,,,,,,,,
,Super,,,,65600000,131200000,21870,,,,,,,,,,,,,,,,,,,,0.8,84.8,14.3,,,,,,,20.2,74.7,5,,,,,,,,,,,,,,,,,,,,,,,,,,,,,,,,,,
Sandstorm,Common,,Desert,N/A,125,N/A,40,N/A,,,,,"Randomly in curving motions. Slow at the start and end of its motion, very fast in the middle",N/A,N/A,N/A,N/A,Stands still and pulls nearby players and mobs. Body size decreases the effect of pulling.,"Spawns with varying sizes/HP, even among the same rarity.","Sand
Stick",Sand,2,45.5,10.1,,,,,,Stick,5,19.1,3.5,,,,,,N/A,,,,,,,,,,,,,,,,,,,,,,,,,,,,,,,,,
,Unusual,,,,469,,120,,,,,,,,,,,,,,,,61.3,34.8,,,,,,,,51,13.2,,,,,,,,,,,,,,,,,,,,,,,,,,,,,,,,,,,,,,,
,Rare,,,,1687.5,,360,,,,,,,,,,,,,,,,7.7,86,6.3,,,,,,,42.6,55.1,2.1,,,,,,,,,,,,,,,,,,,,,,,,,,,,,,,,,,,,,,
,Epic,,,,6750,,1080,,,,,,,,,,,,,,,,,19.7,72.7,7.6,,,,,,,58.2,39.2,2.6,,,,,,,,,,,,,,,,,,,,,,,,,,,,,,,,,,,,,
,Legendary,,,,50625,,3240,,,,,,,,,,,,,,,,,,20.7,76.3,3.1,,,,,,,59.1,39.9,1,,,,,,,,,,,,,,,,,,,,,,,,,,,,,,,,,,,,
,Mythic,,,,303750,,9720,,,,,,,,,,,,,,,,,,,21.2,78.3,0.5,,,,,,,59.6,40.2,0.2,,,,,,,,,,,,,,,,,,,,,,,,,,,,,,,,,,,
,Ultra,,,,9125000,,29160,,,,,,,,,,,,,,,,,,,,90.9,8.8,0.3,,,,,,,96.9,3,0.1,,,,,,,,,,,,,,,,,,,,,,,,,,,,,,,,,,
,Super,,,,164000000,,87480,,,,,,,,,,,,,,,,,,,,0.8,84.8,14.3,,,,,,,20.2,74.7,5,,,,,,,,,,,,,,,,,,,,,,,,,,,,,,,,,,
Scorpion,Common,,Desert,N/A,100,N/A,15,Missile Health; Missile Damage; Missile Poison,100,5,40,N/A,Random curved lines for a few tiles before stopping and changing directions. Slow,"Uranium, bulb or nearby friendly unit","Toward the friendly unit but attempts to stay a distance away by running in circles around the friendly unit. Shoots its stinger after awhile, then charges at the friendly unit (epic-) or keeps shooting and circling (legendary+). Fast",N/A,N/A,N/A,Poisons flowers and friendly mobs upon contact with the mob or its stinger projectile. Poison always lasts 2.67 seconds; higher rarities deal damage faster.,"Pincer
Iris",Pincer,1,59.8,16.4,,,,,,Iris,1,59.8,16.4,,,,,,N/A,,,,,,,,,,,,,,,,,,,,,,,,,,,,,,,,,
,Unusual,,,,375.2,,45,,300,15,120,,,,,,,,,,,,48.5,51.2,,,,,,,,48.5,51.2,,,,,,,,,,,,,,,,,,,,,,,,,,,,,,,,,,,,,,,
,Rare,,,,1350,,135,,900,45,360,,,,,,,,,,,,1.3,88.4,10.3,,,,,,,1.3,88.4,10.3,,,,,,,,,,,,,,,,,,,,,,,,,,,,,,,,,,,,,,
,Epic,,,,5400,,405,,2700,135,1080,,,,,,,,,,,,,6.7,81,12.3,,,,,,,6.7,81,12.3,,,,,,,,,,,,,,,,,,,,,,,,,,,,,,,,,,,,,
,Legendary,,,,40500,,1215,,8100,405,3240,,,,,,,,,,,,,,7.2,87.7,5,,,,,,,7.2,87.7,5,,,,,,,,,,,,,,,,,,,,,,,,,,,,,,,,,,,,
,Mythic,,,,243000,,3645,,24300,1215,9720,,,,,,,,,,,,,,,7.5,91.7,0.8,,,,,,,7.5,91.7,0.8,,,,,,,,,,,,,,,,,,,,,,,,,,,,,,,,,,,
,Ultra,,,,7300000,,10935,,72900,3645,29160,,,,,,,,,,,,,,,,85.2,14.3,0.5,,,,,,,85.2,14.3,0.5,,,,,,,,,,,,,,,,,,,,,,,,,,,,,,,,,,
,Super,,,,131200000,,32805,,218700,10935,87480,,,,,,,,,,,,,,,,,77.2,22.7,,,,,,,,77.2,22.7,,,,,,,,,,,,,,,,,,,,,,,,,,,,,,,,,,
Shell,Common,,Ocean,N/A,225,N/A,10,Missile Health; Missile Damage,N/A,,N/A,,Stationary,"Uranium, bulb or nearby friendly unit",Towards the friendly unit in short bursts of speed. Very fast during these bursts. Stationary otherwise,N/A,N/A,May shoot a missile after each movement. This missile stops after a short while. All missiles return to the mob at once after awhile. ,Immune to all slowing petals except lightning.,"Pearl
Shell
Magnet",Pearl,1,59.8,16.4,,,,,,Shell,2,45.5,10.1,,,,,,Magnet,7,4.2,0.7,,,,,,,,1000,10,,,,,,,,,,,,,,,,,,,,,
,Unusual,,,,844.2,,30,,,,,,,,,,,,,,,,48.5,51.2,,,,,,,,61.3,34.8,,,,,,,,15.4,2.8,,,,,,,,,,,,,,,,,,,,,,,,,,,,,,
,Rare,,,,3037.5,,90,,,,,,,,,,,,,,,,1.3,88.4,10.3,,,,,,,7.7,86,6.3,,,,,,,54.5,15.1,0.4,,,,,,,,,,,,,,,,,,,,,,,,,,,,,
,Epic,,,,12150,,270,,,,,,,,,,,,,,,,,6.7,81,12.3,,,,,,,19.7,72.7,7.6,,,,,,1.4,88.3,9.7,0.5,,,,,,,,,,,,,,,,,,,,,,,,,,,,
,Legendary,,,,91125,,810,,,,,,,,,,,,,,,,,,7.2,87.7,5,,,,,,,20.7,76.3,3.1,,,,,,11.5,78.6,9.8,0.2,,,,,,,,,,,,,,,,,,,,,,,,,,,
,Mythic,,,,546750,,2430,,,,,,,,,,,,,,,,,,,7.5,91.7,0.8,,,,,,,21.2,78.3,0.5,,,,,,0.5,89.7,9.8,0.03,,,,,,,,,,,,,,,,,,,,,,,,,,
,Ultra,,,,16425000,,7290,,729000,7290,,,,,,,,,,,,,,,,,85.2,14.3,0.5,,,,,,,90.9,8.8,0.3,,,,,,12.6,86.7,0.6,0.02,,,,,,,,,,,,,,,,,,,,,,,,,
,Super,,,,295200000,,21870,,2187000,21870,,,,,,,,,,,,,,,,,,77.2,22.7,,,,,,,0.8,84.8,14.3,,,,,,,77.3,21.9,0.8,,,,,,,,,,,,,,,,,,,,,,,,,
Soldier Ant,Common,,Garden,N/A,100,N/A,10,N/A,,,,,Random straight lines for a few tiles before stopping and changing directions. Slow,"Uranium, bulb or nearby friendly unit",Towards the friendly unit with a slight delay in changing directions. Moderate speed,N/A,N/A,N/A,"If associated with an Ant Hole, stops being aggressive if far from the Ant Hole. Some automatically spawn with Ant Holes and when the Ant Hole is damaged.","Wing
Clover",Wing,3,34.1,6.9,,,,,,Clover,5,19.1,3.5,,,,,,N/A,,,,,,,,,,,,,,,,,,,,,,,,,,,,,,,,,
,Unusual,,,,375.2,,30,,,,,,,,,,,,,,,,63.1,24.7,,,,,,,,51,13.2,,,,,,,,,,,,,,,,,,,,,,,,,,,,,,,,,,,,,,,
,Rare,,,,1350,,90,,,,,,,,,,,,,,,,18.2,77.6,4.2,,,,,,,42.6,55.1,2.1,,,,,,,,,,,,,,,,,,,,,,,,,,,,,,,,,,,,,,
,Epic,,,,5400,,270,,,,,,,,,,,,,,,,,33.8,61,5.1,,,,,,,58.2,39.2,2.6,,,,,,,,,,,,,,,,,,,,,,,,,,,,,,,,,,,,,
,Legendary,,,,40500,,810,,,,,,,,,,,,,,,,,,34.9,63,2,,,,,,,59.1,39.9,1,,,,,,,,,,,,,,,,,,,,,,,,,,,,,,,,,,,,
,Mythic,,,,243000,,2430,,,,,,,,,,,,,,,,,,,35.6,64.1,0.3,,,,,,,59.6,40.2,0.2,,,,,,,,,,,,,,,,,,,,,,,,,,,,,,,,,,,
,Ultra,,,,7300000,,7290,,,,,,,,,,,,,,,,,,,,93.8,6,0.2,,,,,,,96.9,3,0.1,,,,,,,,,,,,,,,,,,,,,,,,,,,,,,,,,,
,Super,,,,131200000,,21870,,,,,,,,,,,,,,,,,,,,4.1,86.1,9.8,,,,,,,20.2,74.7,5,,,,,,,,,,,,,,,,,,,,,,,,,,,,,,,,,,
Soldier Fire Ant,Common,,"Desert

Hell",N/A,100,N/A,20,N/A,,,,,Random straight lines for a few tiles before stopping and changing directions. Slow,"Uranium, bulb or nearby friendly unit",Towards the friendly unit. Moderate speed,N/A,N/A,N/A,"Mass spawns after a Fire Ant Burrow has been ""provoked.""","Wing
Yucca",Wing,3,34.1,6.9,,,,,,Yucca,1,59.8,16.4,,,,,,N/A,,,,,,,,,,,,,,,,,,,,,,,,,,,,,,,,,
,Unusual,,,,375.2,,60,,,,,,,,,,,,,,,,63.1,24.7,,,,,,,,48.5,51.2,,,,,,,,,,,,,,,,,,,,,,,,,,,,,,,,,,,,,,,
,Rare,,,,1350,,180,,,,,,,,,,,,,,,,18.2,77.6,4.2,,,,,,,1.3,88.4,10.3,,,,,,,,,,,,,,,,,,,,,,,,,,,,,,,,,,,,,,
,Epic,,,,5400,,540,,,,,,,,,,,,,,,,,33.8,61,5.1,,,,,,,6.7,81,12.3,,,,,,,,,,,,,,,,,,,,,,,,,,,,,,,,,,,,,
,Legendary,,,,40500,,1620,,,,,,,,,,,,,,,,,,34.9,63,2,,,,,,,7.2,87.7,5,,,,,,,,,,,,,,,,,,,,,,,,,,,,,,,,,,,,
,Mythic,,,,243000,,4860,,,,,,,,,,,,,,,,,,,35.6,64.1,0.3,,,,,,,7.5,91.7,0.8,,,,,,,,,,,,,,,,,,,,,,,,,,,,,,,,,,,
,Ultra,,,,7300000,,14580,,,,,,,,,,,,,,,,,,,,93.8,6,0.2,,,,,,,85.2,14.3,0.5,,,,,,,,,,,,,,,,,,,,,,,,,,,,,,,,,,
,Super,,,,131200000,,43740,,,,,,,,,,,,,,,,,,,,4.1,86.1,9.8,,,,,,,,77.2,22.7,,,,,,,,,,,,,,,,,,,,,,,,,,,,,,,,,,
Soldier Termite,Common,,Hell,N/A,250,N/A,10,Psyonic Connection,N/A,,,,Random straight lines for a few tiles before stopping and changing directions. Slow,"Uranium, bulb, nearby friendly unit or damage to a nearby Termite Egg",Towards the friendly unit. Moderate speed,N/A,N/A,N/A,Splits damage with all other nearby termites.,"Relic
Bone",Relic,5,19.1,3.5,,,,,,Bone,2,45.5,10.1,,,,,,N/A,,,,,,,,,,,,,,,,,,,,,,,,,,,,,,,,,
,Unusual,,,,938,,30,,,,,,,,,,,,,,,,51,13.2,,,,,,,,61.3,34.8,,,,,,,,,,,,,,,,,,,,,,,,,,,,,,,,,,,,,,,
,Rare,,,,3375,,90,,,,,,,,,,,,,,,,42.6,55.1,2.1,,,,,,,7.7,86,6.3,,,,,,,,,,,,,,,,,,,,,,,,,,,,,,,,,,,,,,
,Epic,,,,13500,,270,,,,,,,,,,,,,,,,,58.2,39.2,2.6,,,,,,,19.7,72.7,7.6,,,,,,,,,,,,,,,,,,,,,,,,,,,,,,,,,,,,,
,Legendary,,,,101250,,810,,,,,,,,,,,,,,,,,,59.1,39.9,1,,,,,,,20.7,76.3,3.1,,,,,,,,,,,,,,,,,,,,,,,,,,,,,,,,,,,,
,Mythic,,,,607500,,2430,,,,,,,,,,,,,,,,,,,59.6,40.2,0.2,,,,,,,21.2,78.3,0.5,,,,,,,,,,,,,,,,,,,,,,,,,,,,,,,,,,,
,Ultra,,,,18250000,,7290,,,,,,,,,,,,,,,,,,,,96.9,3,0.1,,,,,,,90.9,8.8,0.3,,,,,,,,,,,,,,,,,,,,,,,,,,,,,,,,,,
,Super,,,,328000000,,21870,,,,,,,,,,,,,,,,,,,,20.2,74.7,5,,,,,,,0.8,84.8,14.3,,,,,,,,,,,,,,,,,,,,,,,,,,,,,,,,,,
Spider,Common,,"Garden

Sewer",N/A,62.5,N/A,15,Poison,40,N/A,,,Random straight lines for a few tiles before stopping and changing directions. Slow,"Uranium, bulb or nearby friendly unit",Towards the friendly unit. Legendary+ lays down webs. Fast,N/A,N/A,N/A,"Immune to webs. 
Poisons player on contact for 2.67 seconds.
Legendary+ lays webs that slow flowers and friendly mobs. Speed slightly decreases with higher rarity.","Faster
Web
Third Eye",Faster,1,59.8,16.4,,,,,,Web,1,59.8,16.4,,,,,,Third Eye,7,4.2,0.7,,,,,,,,,,,,,,,,,,,,,,,,,,,,,,
,Unusual,,,,234.5,,45,,120,,,,,,,,,,,,,,48.5,51.2,,,,,,,,48.5,51.2,,,,,,,,15.4,2.8,,,,,,,,,,,,,,,,,,,,,,,,,,,,,,
,Rare,,,,843.75,,135,,360,,,,,,,,,,,,,,1.3,88.4,10.3,,,,,,,1.3,88.4,10.3,,,,,,,54.5,15.1,0.4,,,,,,,,,,,,,,,,,,,,,,,,,,,,,
,Epic,,,,3375,,405,,1080,,,,,,,,,,,,,,,6.7,81,12.3,,,,,,,6.7,81,12.3,,,,,,1.4,88.3,9.7,0.5,,,,,,,,,,,,,,,,,,,,,,,,,,,,
,Legendary,,,,25312.5,,1215,,3240,,,,,,,,,,,,,,,,7.2,87.7,5,,,,,,,7.2,87.7,5,,,,,,11.5,78.6,9.8,0.2,,,,,,,,,,,,,,,,,,,,,,,,,,,
,Mythic,,,,151875,,3645,,9720,,,,,,,,,,,,,,,,,7.5,91.7,0.8,,,,,,,7.5,91.7,0.8,,,,,,0.5,89.7,9.8,0.03,,,,,,,,,,,,,,,,,,,,,,,,,,
,Ultra,,,,4562500,,10935,,29160,,,,,,,,,,,,,,,,,,85.2,14.3,0.5,,,,,,,85.2,14.3,0.5,,,,,,12.6,86.7,0.6,0.02,,,,,,,,,,,,,,,,,,,,,,,,,
,Super,,,,82000000,,32805,,87480,,,,,,,,,,,,,,,,,,,77.2,22.7,,,,,,,,77.2,22.7,,,,,,,77.3,21.9,0.8,,,,,,,,,,,,,,,,,,,,,,,,,
Sponge,Common,,Ocean,N/A,100,N/A,10,N/A,,,,,Stationary,N/A,N/A,N/A,N/A,N/A,"May spawn in purple, salmon or yellow.",Sponge,Sponge,1,59.8,16.4,,,,,,N/A,,,,,,,,,N/A,,,,,,,,,,,,,,,,,,,,,,,,,,,,,,,,,
,Unusual,,,,375.2,,30,,,,,,,,,,,,,,,,48.5,51.2,,,,,,,,,,,,,,,,,,,,,,,,,,,,,,,,,,,,,,,,,,,,,,,,
,Rare,,,,1350,,90,,,,,,,,,,,,,,,,1.3,88.4,10.3,,,,,,,,,,,,,,,,,,,,,,,,,,,,,,,,,,,,,,,,,,,,,,,
,Epic,,,,5400,,270,,,,,,,,,,,,,,,,,6.7,81,12.3,,,,,,,,,,,,,,,,,,,,,,,,,,,,,,,,,,,,,,,,,,,,,,
,Legendary,,,,40500,,810,,,,,,,,,,,,,,,,,,7.2,87.7,5,,,,,,,,,,,,,,,,,,,,,,,,,,,,,,,,,,,,,,,,,,,,,
,Mythic,,,,243000,,2430,,,,,,,,,,,,,,,,,,,7.5,91.7,0.8,,,,,,,,,,,,,,,,,,,,,,,,,,,,,,,,,,,,,,,,,,,,
,Ultra,,,,7300000,,7290,,,,,,,,,,,,,,,,,,,,85.2,14.3,0.5,,,,,,,,,,,,,,,,,,,,,,,,,,,,,,,,,,,,,,,,,,,
,Super,,,,131200000,,21870,,,,,,,,,,,,,,,,,,,,,77.2,22.7,,,,,,,,,,,,,,,,,,,,,,,,,,,,,,,,,,,,,,,,,,,
Square,Common,,Ocean (Ellne Pass),N/A,37.5,N/A,10,N/A,,,,,Circles. Very slow,N/A,N/A,N/A,N/A,N/A,Spawns very rarely at the same time for all servers. The square spawn is never announced. Each rarity has an equal chance of spawning.,N/A,N/A,,,,,,,,,N/A,,,,,,,,,N/A,,,,,,,,,,,,,,,,,,,,,,,,,,,,,,,,,
,Unusual,,,,140.7,,30,,,,,,,,,,,,,,,,,,,,,,,,,,,,,,,,,,,,,,,,,,,,,,,,,,,,,,,,,,,,,,,,,
,Rare,,,,506.25,,90,,,,,,,,,,,,,,,,,,,,,,,,,,,,,,,,,,,,,,,,,,,,,,,,,,,,,,,,,,,,,,,,,
,Epic,,,,2025,,270,,,,,,,,,,,,,,,,,,,,,,,,,,,,,,,,,,,,,,,,,,,,,,,,,,,,,,,,,,,,,,,,,
,Legendary,,,,15187.5,,810,,,,,,,,,,,,,,,,,,,,,,,,,,,,,,,,,,,,,,,,,,,,,,,,,,,,,,,,,,,,,,,,,
,Mythic,,,,91125,,2430,,,,,,,,,,,,,,,,,,,,,,,,,,,,,,,,,,,,,,,,,,,,,,,,,,,,,,,,,,,,,,,,,
,Ultra,,,,2737500,,7290,,,,,,,,,,,,,,,,,,,,,,,,,,,,,,,,,,,,,,,,,,,,,,,,,,,,,,,,,,,,,,,,,
,Super,,,,49200000,,21870,,,,,,,,,,,,,,,,,,,,,,,,,,,,,,,,,,,,,,,,,,,,,,,,,,,,,,,,,,,,,,,,,
Starfish,Common,,Ocean,N/A,150,N/A,20,N/A,,,,,Stationary,"Uranium, bulb, nearby friendly unit or full recovery from low health",Toward the friendly unit. Moderate speed,Going below 50% health,Away from the friendly unit who damaged it below 50% or other friendly units (if the original one died). Regens health at 10% of its max HP per second when in this state. Slow,N/A,"Regens health when in the defensive state.
When below 50% health, enters defensive mode unless under the influence of a lot of dandelions. Can become aggressive again once at full health.","Starfish
Salt
Sand",Starfish,1,59.8,16.4,,,,,,Salt,5,19.1,3.5,,,,,,Sand,5,19.1,3.5,,,,,,,,,,,,,,,,,,,,,,,,,,,,,,
,Unusual,,,,562.8,,60,,,,,,,,,,,,,,,,48.5,51.2,,,,,,,,51,13.2,,,,,,,,51,13.2,,,,,,,,,,,,,,,,,,,,,,,,,,,,,,
,Rare,,,,2025,,180,,,,,,,,,,,,,,,,1.3,88.4,10.3,,,,,,,42.6,55.1,2.1,,,,,,,42.6,55.1,2.1,,,,,,,,,,,,,,,,,,,,,,,,,,,,,
,Epic,,,,8100,,540,,,,,,,,,,,,,,,,,6.7,81,12.3,,,,,,,58.2,39.2,2.6,,,,,,,58.2,39.2,2.6,,,,,,,,,,,,,,,,,,,,,,,,,,,,
,Legendary,,,,60750,,1620,,,,,,,,,,,,,,,,,,7.2,87.7,5,,,,,,,59.1,39.9,1,,,,,,,59.1,39.9,1,,,,,,,,,,,,,,,,,,,,,,,,,,,
,Mythic,,,,364500,,4860,,,,,,,,,,,,,,,,,,,7.5,91.7,0.8,,,,,,,59.6,40.2,0.2,,,,,,,59.6,40.2,0.2,,,,,,,,,,,,,,,,,,,,,,,,,,
,Ultra,,,,10950000,,14580,,,,,,,,,,,,,,,,,,,,85.2,14.3,0.5,,,,,,,96.9,3,0.1,,,,,,,96.9,3,0.1,,,,,,,,,,,,,,,,,,,,,,,,,
,Super,,,,196800000,,43740,,,,,,,,,,,,,,,,,,,,,77.2,22.7,,,,,,,20.2,74.7,5,,,,,,,20.2,74.7,5,,,,,,,,,,,,,,,,,,,,,,,,,
Target Dummy,Common,No image available,Ellne,N/A,1000000000,N/A,20,N/A,,,,,Stationary,N/A,N/A,N/A,N/A,N/A,"Has infinite HP (despite what the stat says). Changes colors with status effects like flowers do.

When hit, displays the last damage dealt to it, the total damage that has been dealt to it and the overall DPS. This disappears after 10 seconds of not hitting it.",N/A,N/A,,,,,,,,,N/A,,,,,,,,,N/A,,,,,,,,,,,,,,,,,,,,,,,,,,,,,,,,,
,Unusual,,,,1000000000,,60,,,,,,,,,,,,,,,,,,,,,,,,,,,,,,,,,,,,,,,,,,,,,,,,,,,,,,,,,,,,,,,,,
,Rare,,,,1000000000,,180,,,,,,,,,,,,,,,,,,,,,,,,,,,,,,,,,,,,,,,,,,,,,,,,,,,,,,,,,,,,,,,,,
,Epic,,,,1000000000,,540,,,,,,,,,,,,,,,,,,,,,,,,,,,,,,,,,,,,,,,,,,,,,,,,,,,,,,,,,,,,,,,,,
,Legendary,,,,1000000000,,1620,,,,,,,,,,,,,,,,,,,,,,,,,,,,,,,,,,,,,,,,,,,,,,,,,,,,,,,,,,,,,,,,,
,Mythic,,,,1000000000,,4860,,,,,,,,,,,,,,,,,,,,,,,,,,,,,,,,,,,,,,,,,,,,,,,,,,,,,,,,,,,,,,,,,
,Ultra,,,,1000000000,,14580,,,,,,,,,,,,,,,,,,,,,,,,,,,,,,,,,,,,,,,,,,,,,,,,,,,,,,,,,,,,,,,,,
,Super,,,,1000000000,,43740,,,,,,,,,,,,,,,,,,,,,,,,,,,,,,,,,,,,,,,,,,,,,,,,,,,,,,,,,,,,,,,,,
Termite Egg,Common,,Hell,N/A,150,N/A,3,N/A,,,,,Stationary,N/A,N/A,N/A,N/A,N/A,Aggros nearby termites when damaged,"Egg (Ant)
Amulet",Egg (Ant),1,59.8,16.4,,,,,,Amulet,5,19.1,3.5,,,,,,N/A,,,,,,,,,,,,,,,,,,,,,,,,,,,,,,,,,
,Unusual,,,,562.8,,9,,,,,,,,,,,,,,,,48.5,51.2,,,,,,,,51,13.2,,,,,,,,,,,,,,,,,,,,,,,,,,,,,,,,,,,,,,,
,Rare,,,,2025,,27,,,,,,,,,,,,,,,,1.3,88.4,10.3,,,,,,,42.6,55.1,2.1,,,,,,,,,,,,,,,,,,,,,,,,,,,,,,,,,,,,,,
,Epic,,,,8100,,81,,,,,,,,,,,,,,,,,6.7,81,12.3,,,,,,,58.2,39.2,2.6,,,,,,,,,,,,,,,,,,,,,,,,,,,,,,,,,,,,,
,Legendary,,,,60750,,243,,,,,,,,,,,,,,,,,,7.2,87.7,5,,,,,,,59.1,39.9,1,,,,,,,,,,,,,,,,,,,,,,,,,,,,,,,,,,,,
,Mythic,,,,364500,,729,,,,,,,,,,,,,,,,,,,7.5,91.7,0.8,,,,,,,59.6,40.2,0.2,,,,,,,,,,,,,,,,,,,,,,,,,,,,,,,,,,,
,Ultra,,,,10950000,,2187,,,,,,,,,,,,,,,,,,,,85.2,14.3,0.5,,,,,,,96.9,3,0.1,,,,,,,,,,,,,,,,,,,,,,,,,,,,,,,,,,
,Super,,,,196800000,,6561,,,,,,,,,,,,,,,,,,,,,77.2,22.7,,,,,,,20.2,74.7,5,,,,,,,,,,,,,,,,,,,,,,,,,,,,,,,,,,
Termite Mound,Common,,Jungle,N/A,750,N/A,15,N/A,,,,,Stationary,N/A,N/A,N/A,N/A,N/A,"Low spawn rate. Spawns termites when damaged. 
If it's rare or higher, the hole can't be damaged, instead being entered upon touch. All termites are rare except for the queen who matches the hole's rarity. 
Each hole counts as a separate area. Living squad mates not in the same area as the player show up with a question mark (dead ones show up as dead). Players in the hole may only leave after all termites in the hole have been killed. Moving to a new area grants 1 second of invincibility.
Rare+ Termite Holes will die after awhile if termites have been spawned, releasing everything inside (except petals with a laydown ability).","Soil
Relic
Rubber",Soil,1,59.8,16.4,,,,,,Relic,2,45.5,10.1,,,,,,Rubber,10,53.9,13.3,,,,,,,,,,,,,,,,,,,,,,,,,,,,,,
,Unusual,,,,2814,,45,,,,,,,,,,,,,,,,48.5,51.2,,,,,,,,61.3,34.8,,,,,,,,55.3,43.6,,,,,,,,,,,,,,,,,,,,,,,,,,,,,,
,Rare,,,,N/A,,,,,,,,,,,,,,,,,,1.3,88.4,10.3,,,,,,,7.7,86,6.3,,,,,,,3.2,88.5,8.3,,,,,,,,,,,,,,,,,,,,,,,,,,,,,
,Epic,,,,,,,,,,,,,,,,,,,,,,,6.7,81,12.3,,,,,,,19.7,72.7,7.6,,,,,,,11.4,78.6,10,,,,,,,,,,,,,,,,,,,,,,,,,,,,
,Legendary,,,,,,,,,,,,,,,,,,,,,,,,7.2,87.7,5,,,,,,,20.7,76.3,3.1,,,,,,,12.2,83.7,4.1,,,,,,,,,,,,,,,,,,,,,,,,,,,
,Mythic,,,,,,,,,,,,,,,,,,,,,,,,,7.5,91.7,0.8,,,,,,,21.2,78.3,0.5,,,,,,,12.6,86.7,0.6,,,,,,,,,,,,,,,,,,,,,,,,,,
,Ultra,,,,,,,,,,,,,,,,,,,,,,,,,,85.2,14.3,0.5,,,,,,,90.9,8.8,0.3,,,,,,,88,11.6,0.4,,,,,,,,,,,,,,,,,,,,,,,,,
,Super,,,,,,,,,,,,,,,,,,,,,,,,,,,77.2,22.7,,,,,,,0.8,84.8,14.3,,,,,,,,81.2,18.6,,,,,,,,,,,,,,,,,,,,,,,,,
Termite Overmind,Common,,"Hell

Jungle",N/A,500,N/A,10,Psyonic Connection,N/A,,,,Random straight lines for a few tiles before stopping and changing directions. Very slow,"Uranium, bulb or nearby friendly unit",Toward the friendly unit. Very slow,N/A,N/A,Disables petals of nearby players temporarily (can disable 5-8 at once for each player). Disabled petals have an X over them and do not orbit. Not orbiting petals still retain passive effects if disabled.,"Only spawns after a Termite Mound has dropped to 33% HP, inside of Termite Mounds of rarity rare of higher or as an ultra in Ant Hell 3. Stops being aggressive if far from the Termite Mound. 

Splits damage with all other nearby termites.","Relic
Tomato
Compass",Relic,8,66.2,30.6,,,,,,Tomato,2,45.5,10.1,,,,,,Compass,4,46.8,53.2,,,,,,,,,,,,,,,,,,,,,,,,,,,,,,
,Unusual,,,,1876,,30,,,,,,,,,,,,,,,,23.2,76.8,,,,,,,,61.3,34.8,,,,,,,,4.8,95.2,,,,,,,,,,,,,,,,,,,,,,,,,,,,,,
,Rare,,,,6750,,90,,,,,,,,,,,,,,,,,80.5,19.5,,,,,,,7.7,86,6.3,,,,,,,,64.8,35.2,,,,,,,,,,,,,,,,,,,,,,,,,,,,,
,Epic,,,,27000,,270,,,,,,,,,,,,,,,,,,76.4,23.1,,,,,,,19.7,72.7,7.6,,,,,,,,59.1,40.9,,,,,,,,,,,,,,,,,,,,,,,,,,,,
,Legendary,,,,202500,,810,,,,,,,,,,,,,,,,,,0.5,89.7,9.8,,,,,,,20.7,76.3,3.1,,,,,,,,81.3,18.7,,,,,,,,,,,,,,,,,,,,,,,,,,,
,Mythic,,,,1215000,,2430,,,,,,,,,,,,,,,,,,,0.6,97.8,1.6,,,,,,,21.2,78.3,0.5,,,,,,,,96.9,3.1,,,,,,,,,,,,,,,,,,,,,,,,,,
,Ultra,,,,36500000,,7290,,,,,,,,,,,,,,,,,,,,72.6,26.3,1,,,,,,,90.9,8.8,0.3,,,,,,,52.8,45.2,2,,,,,,,,,,,,,,,,,,,,,,,,,
,Super,,,,656000000,,21870,,,,,,,,,,,,,,,,,,,,,59.7,40.3,,,,,,,0.8,84.8,14.3,,,,,,,,35.7,64.3,,,,,,,,,,,,,,,,,,,,,,,,,
Wasp,Common,,Jungle,N/A,62.5,N/A,50,Missile Health; Missile Damage,100,10,N/A,,Random curved lines for a few tiles before stopping and changing directions. Slow,"Uranium, bulb or nearby friendly unit","Toward the friendly unit. Moderate speed. Stops ~5 tiles away from the friendly unit and slowly circles. Rapidly shoots missiles toward the friendly unit if they're nearby, stopping and turning around when doing so. Missiles inflict slight recoil on the mob.",N/A,N/A,"Periodically fires missiles in a circle (missiles are of two rarities beneath the boss's). Recoil still occurs during this attack, so the wasp moves in a large circle.

Periodically spawns 5 wasps two rarities beneath the boss's.","Fires missiles at the player.
Epic+ spawn as ""Einstein"" wasps that shoot based on the predicted location of the player. Higher rarity wasps shoot missiles more often.","Missile
Stinger (Blood)
Antennae",Missile,12,,42.8,,,,,,Stinger (Blood),3,34.1,6.9,,,,,,Antennae,10,53.9,13.3,,,,,,,,,,,,,,,,,,,,,,,,,,,,,,
,Unusual,,,,234.5,,150,,300,30,,,,,,,,,,,,,,89.3,,,,,,,,63.1,24.7,,,,,,,,55.3,43.6,,,,,,,,,,,,,,,,,,,,,,,,,,,,,,
,Rare,,,,843.75,,450,,900,90,,,,,,,,,,,,,,72.2,27.8,,,,,,,18.2,77.6,4.2,,,,,,,3.2,88.5,8.3,,,,,,,,,,,,,,,,,,,,,,,,,,,,,
,Epic,,,,3375,,1350,,2700,270,,,,,,,,,,,,,,,67.4,32.6,,,,,,,33.8,61,5.1,,,,,,,11.4,78.6,10,,,,,,,,,,,,,,,,,,,,,,,,,,,,
,Legendary,,,,25312.5,,4050,,8100,810,,,,,,,,,,,,,,,,85.6,14.4,,,,,,,34.9,63,2,,,,,,,12.2,83.7,4.1,,,,,,,,,,,,,,,,,,,,,,,,,,,
,Mythic,,,,151875,,12150,,24300,2430,,,,,,,,,,,,,,,,,97.6,2.4,,,,,,,35.6,64.1,0.3,,,,,,,12.6,86.7,0.6,,,,,,,,,,,,,,,,,,,,,,,,,,
,Ultra,,,,4562500,,36450,,72900,7290,,,,,,,,,,,,,,,,,61.9,36.5,1.5,,,,,,,93.8,6,0.2,,,,,,,88,11.6,0.4,,,,,,,,,,,,,,,,,,,,,,,,,
,Super,,,,82000000,,109350,,218700,21870,,,,,,,,,,,,,,,,,,46.2,53.8,,,,,,,4.1,86.1,9.8,,,,,,,,81.2,18.6,,,,,,,,,,,,,,,,,,,,,,,,,
Worker Ant,Common,,Garden,N/A,62.5,N/A,10,N/A,,,,,Random straight lines for a few tiles before stopping and changing directions. Slow,"Uranium, bulb or damage",Towards the friendly unit with a slight delay in changing directions. Moderate speed,N/A,N/A,N/A,"If it's associated with an Ant Hole, it becomes aggressive toward the player if the Ant Hole is damaged. Stops being aggressive if far from the Ant Hole. Some automatically spawn with Ant Holes and when the Ant Hole is damaged.","Leaf
Corn",Leaf,2,45.5,10.1,,,,,,Corn,2,45.5,10.1,,,,,,N/A,,,,,,,,,,,,,,,,,,,,,,,,,,,,,,,,,
,Unusual,,,,234.5,,30,,,,,,,,,,,,,,,,61.3,34.8,,,,,,,,61.3,34.8,,,,,,,,,,,,,,,,,,,,,,,,,,,,,,,,,,,,,,,
,Rare,,,,843.75,,90,,,,,,,,,,,,,,,,7.7,86,6.3,,,,,,,7.7,86,6.3,,,,,,,,,,,,,,,,,,,,,,,,,,,,,,,,,,,,,,
,Epic,,,,3375,,270,,,,,,,,,,,,,,,,,19.7,72.7,7.6,,,,,,,19.7,72.7,7.6,,,,,,,,,,,,,,,,,,,,,,,,,,,,,,,,,,,,,
,Legendary,,,,25312.5,,810,,,,,,,,,,,,,,,,,,20.7,76.3,3.1,,,,,,,20.7,76.3,3.1,,,,,,,,,,,,,,,,,,,,,,,,,,,,,,,,,,,,
,Mythic,,,,151875,,2430,,,,,,,,,,,,,,,,,,,21.2,78.3,0.5,,,,,,,21.2,78.3,0.5,,,,,,,,,,,,,,,,,,,,,,,,,,,,,,,,,,,
,Ultra,,,,4562500,,7290,,,,,,,,,,,,,,,,,,,,90.9,8.8,0.3,,,,,,,90.9,8.8,0.3,,,,,,,,,,,,,,,,,,,,,,,,,,,,,,,,,,
,Super,,,,82000000,,21870,,,,,,,,,,,,,,,,,,,,0.8,84.8,14.3,,,,,,,0.8,84.8,14.3,,,,,,,,,,,,,,,,,,,,,,,,,,,,,,,,,,
Worker Fire Ant,Common,Awaiting Image,"Desert

Hell",N/A,62.5,N/A,20,N/A,,,,,Random straight lines for a few tiles before stopping and changing directions. Slow,"Uranium, bulb or damage",Towards the friendly unit. Moderate speed,N/A,N/A,N/A,N/A,"Corn
Yucca",Corn,2,45.5,10.1,,,,,,Yucca,2,45.5,10.1,,,,,,N/A,,,,,,,,,,,,,,,,,,,,,,,,,,,,,,,,,
,Unusual,,,,234.5,,60,,,,,,,,,,,,,,,,61.3,34.8,,,,,,,,61.3,34.8,,,,,,,,,,,,,,,,,,,,,,,,,,,,,,,,,,,,,,,
,Rare,,,,843.75,,180,,,,,,,,,,,,,,,,7.7,86,6.3,,,,,,,7.7,86,6.3,,,,,,,,,,,,,,,,,,,,,,,,,,,,,,,,,,,,,,
,Epic,,,,3375,,540,,,,,,,,,,,,,,,,,19.7,72.7,7.6,,,,,,,19.7,72.7,7.6,,,,,,,,,,,,,,,,,,,,,,,,,,,,,,,,,,,,,
,Legendary,,,,25312.5,,1620,,,,,,,,,,,,,,,,,,20.7,76.3,3.1,,,,,,,20.7,76.3,3.1,,,,,,,,,,,,,,,,,,,,,,,,,,,,,,,,,,,,
,Mythic,,,,151875,,4860,,,,,,,,,,,,,,,,,,,21.2,78.3,0.5,,,,,,,21.2,78.3,0.5,,,,,,,,,,,,,,,,,,,,,,,,,,,,,,,,,,,
,Ultra,,,,4562500,,14580,,,,,,,,,,,,,,,,,,,,90.9,8.8,0.3,,,,,,,90.9,8.8,0.3,,,,,,,,,,,,,,,,,,,,,,,,,,,,,,,,,,
,Super,,,,82000000,,43740,,,,,,,,,,,,,,,,,,,,0.8,84.8,14.3,,,,,,,0.8,84.8,14.3,,,,,,,,,,,,,,,,,,,,,,,,,,,,,,,,,,
Worker Termite,Common,,Hell,N/A,125,N/A,10,Psyonic Connection,N/A,,,,Random straight lines for a few tiles before stopping and changing directions. Slow,"Uranium, bulb, damage or damage to a nearby Termite Egg",Towards the friendly unit. Moderate speed,N/A,N/A,N/A,Splits damage with all other nearby termites.,"Relic
Plank",Relic,5,19.1,3.5,,,,,,Plank,2,45.5,10.1,,,,,,N/A,,,,,,,,,,,,,,,,,,,,,,,,,,,,,,,,,
,Unusual,,,,469,,30,,,,,,,,,,,,,,,,51,13.2,,,,,,,,61.3,34.8,,,,,,,,,,,,,,,,,,,,,,,,,,,,,,,,,,,,,,,
,Rare,,,,1687.5,,90,,,,,,,,,,,,,,,,42.6,55.1,2.1,,,,,,,7.7,86,6.3,,,,,,,,,,,,,,,,,,,,,,,,,,,,,,,,,,,,,,
,Epic,,,,6750,,270,,,,,,,,,,,,,,,,,58.2,39.2,2.6,,,,,,,19.7,72.7,7.6,,,,,,,,,,,,,,,,,,,,,,,,,,,,,,,,,,,,,
,Legendary,,,,50625,,810,,,,,,,,,,,,,,,,,,59.1,39.9,1,,,,,,,20.7,76.3,3.1,,,,,,,,,,,,,,,,,,,,,,,,,,,,,,,,,,,,
,Mythic,,,,303750,,2430,,,,,,,,,,,,,,,,,,,59.6,40.2,0.2,,,,,,,21.2,78.3,0.5,,,,,,,,,,,,,,,,,,,,,,,,,,,,,,,,,,,
,Ultra,,,,9125000,,7290,,,,,,,,,,,,,,,,,,,,96.9,3,0.1,,,,,,,90.9,8.8,0.3,,,,,,,,,,,,,,,,,,,,,,,,,,,,,,,,,,
,Super,,,,164000000,,21870,,,,,,,,,,,,,,,,,,,,20.2,74.7,5,,,,,,,0.8,84.8,14.3,,,,,,,,,,,,,,,,,,,,,,,,,,,,,,,,,,
EOF,Common,No image available,Ellne,N/A,1000000000,N/A,20,N/A,,,,,Stationary,N/A,N/A,N/A,N/A,N/A,"Has infinite HP (despite what the stat says). Changes colors with status effects like flowers do.",,,,,,,,,,,,,,,,,,,,,,,,,,,,,,,,Super,,,,164000000,,21870,,,,,,,,,,,,,,,,,,,,20.2,74.7,5,,,,,,,0.8,84.8,14.3,,,,,,,,,,,,,,,,,,,,,,,,,,,,,,,,,,