Petal,Rarity,Photo,Count,Damage,Health,Primary Respawn,Usage Respawn,DPS,Special Stat Name,Special Stat 1,Special Stat 2,Special Stat 3,Attack Action,Defend Action,Notes,Mob Drops,Modifiable Stats,Formulas,,,,,
Air,Common,,N/A,N/A,N/A,N/A,N/A,N/A,N/A,,,,N/A,N/A,"Is nothing, does not even occupy space in the petal orbit.",Bubble,,1,,1,#VALUE!,#VALUE!,
,Unusual,,N/A,N/A,N/A,N/A,N/A,N/A,,,,,,,,,,2,,1,#VALUE!,#VALUE!,
,Rare,,N/A,N/A,N/A,N/A,N/A,N/A,,,,,,,,,,3,,1,#VALUE!,#VALUE!,
,Epic,,N/A,N/A,N/A,N/A,N/A,N/A,,,,,,,,,,4,,1,#VALUE!,#VALUE!,
,Legendary,,N/A,N/A,N/A,N/A,N/A,N/A,,,,,,,,,,5,,1,#VALUE!,#VALUE!,
,Mythic,,N/A,N/A,N/A,N/A,N/A,N/A,,,,,,,,,,6,,1,#VALUE!,#VALUE!,
,Ultra,,N/A,N/A,N/A,N/A,N/A,N/A,,,,,,,,,,,,1,#VALUE!,#VALUE!,
,Super,,N/A,N/A,N/A,N/A,N/A,N/A,,,,,,,,,Enemy Armor,,,1,#VALUE!,#VALUE!,
Amulet,Common,,1,0,10,2,N/A,0,Overheal Conversion,5%,N/A,,None,Close,"Any health healed over maximum gets converted to shield. Stacks additively. If Roses or Dahlias are equipped, they will comtinue to heal at full HP.",Termite Egg,219,,,1,0.0,0.0,
,Unusual,,1,0,30,2,N/A,0,,10%,,,,,,,,,,1,0.0,0.0,
,Rare,,1,0,90,2,N/A,0,,15%,,,,,,,,,,1,0.0,0.0,
,Epic,,1,0,270,2,N/A,0,,20%,,,,,,,,,,1,0.0,0.0,
,Legendary,,1,0,810,2,N/A,0,,25%,,,,,,,,,,1,0.0,0.0,
,Mythic,,1,0,2430,2,N/A,0,,30%,,,,,,,,,,1,0.0,0.0,
,Ultra,,1,0,7290,2,N/A,0,,35%,,,,,,,,,,1,0.1,0.1,
,Super,,1,0,21870,2,N/A,0,,40%,,,,,,,,,,1,0.4,0.4,
Ankh,Common,,1,0,10,255.0,0.5,0,N/A,,,,Far - Lays down,Close - Lays down,"Only works when laid down. Upon being destroyed (includes the player dying) or the petal being unequipped, the flower teleports back to where the petal was and the petal goes on respawn.",Beetle (normal),255,1,,0,0,1,
,Unusual,,1,0,30,127.5,0.5,0,,,,,,,,,,2,,0,0,1,
,Rare,,1,0,90,63.8,0.5,0,,,,,,,,,,3,,0,0,1,
,Epic,,1,0,270,31.9,0.5,0,,,,,,,,,,4,,0,0,1,
,Legendary,,1,0,810,15.9,0.5,0,,,,,,,,,,5,,0,0,1,
,Mythic,,1,0,2430,8.0,0.5,0,,,,,,,,,,6,,0,0,1,
,Ultra,,1,0,7290,4.0,0.5,0,,,,,,,,,,,,0,0,1,
,Super,,1,0,21870,2.0,0.5,0,,,,,,,,,Reload Skills,,,0,0,1,
Antennae,Common,,N/A,N/A,N/A,N/A,N/A,N/A,Extra Vision,11.1%,N/A,,N/A,N/A,"Does not orbit the user, instead appears on their head. This change is visible in the UI at the top left. Grants a bonus to the user's FoV. Does not stack.","Hornet
Roach
Wasp",0,3,3,1,#VALUE!,#VALUE!,0.16
,Unusual,,N/A,N/A,N/A,N/A,N/A,N/A,,17.6%,,,,,,,1,9,9,1,#VALUE!,#VALUE!,
,Rare,,N/A,N/A,N/A,N/A,N/A,N/A,,25.0%,,,,,,,,27,27,1,#VALUE!,#VALUE!,
,Epic,,N/A,N/A,N/A,N/A,N/A,N/A,,33.3%,,,,,,,,81,81,1,#VALUE!,#VALUE!,
,Legendary,,N/A,N/A,N/A,N/A,N/A,N/A,,42.9%,,,,,,,,243,243,1,#VALUE!,#VALUE!,
,Mythic,,N/A,N/A,N/A,N/A,N/A,N/A,,100.0%,,,,,,,,729,729,1,#VALUE!,#VALUE!,
,Ultra,,N/A,N/A,N/A,N/A,N/A,N/A,,185.7%,,,,,,,,2187,2187,1,#VALUE!,#VALUE!,
,Super,,N/A,N/A,N/A,N/A,N/A,N/A,,400.0%,,,,,,,Medic Skills,,,1,#VALUE!,#VALUE!,
Basic,Common,,1,10,10,2.5,N/A,0,N/A,,,,Far,Close,"5 commons are provided upon for free when first playing. Common basics can't be crafted. If slots are left empty when starting, they will automatically be filled with common basics. Basics can't be absorbed.",N/A,0,3,3,0,0,1,
,Unusual,,1,30,30,2.5,N/A,0,,,,,,,,,1,9,9,0,0,1,
,Rare,,1,90,90,2.5,N/A,0,,,,,,,,,,27,27,0,0,1,
,Epic,,1,270,270,2.5,N/A,19.173,,,,,,,,,,81,81,0,0,1,
,Legendary,,1,810,810,2.5,N/A,222.18,,,,,,,,,,243,243,0,0,1,
,Mythic,,1,2430,2430,2.5,N/A,831.203,,,,,,,,,,729,729,0,0,1,
,Ultra,,1,7290,7290,2.5,N/A,7974.812,,,,,,,,,,2187,2187,0,0,1,
,Super,,1,21870,21870,2.5,N/A,73255.263,,,,,,,,,Enemy Damage,,,0,0,1,
Basil,Common,,1,N/A,N/A,1,N/A,N/A,Healing Bonus,20%,N/A,,N/A,Close,Increases all healing received from yourself or other players. Does not interact with mobs. See Statuses for info on healing received.,"Queen Ant
Queen Fire Ant",2430,,,1,#VALUE!,#VALUE!,
,Unusual,,1,N/A,N/A,1,N/A,N/A,,25%,,,,,,,,,,1,#VALUE!,#VALUE!,
,Rare,,1,N/A,N/A,1,N/A,N/A,,30%,,,,,,,,,,1,#VALUE!,#VALUE!,
,Epic,,1,N/A,N/A,1,N/A,N/A,,35%,,,,,,,,,,1,#VALUE!,#VALUE!,
,Legendary,,1,N/A,N/A,1,N/A,N/A,,40%,,,,,,,,,,1,#VALUE!,#VALUE!,
,Mythic,,1,N/A,N/A,1,N/A,N/A,,45%,,,,,,,,,,1,#VALUE!,#VALUE!,
,Ultra,,1,N/A,N/A,1,N/A,N/A,,50%,,,,,,,,,,1,#VALUE!,#VALUE!,
,Super,,1,N/A,N/A,1,N/A,N/A,,55%,,,,,,,,,,1,#VALUE!,#VALUE!,
Battery,Common,,1,N/A,N/A,2.5,N/A,N/A,Lightning; Bounces; Charges,15,2,5,N/A,Close,Releases a lightning attack when an enemy or projectile makes contact with the flower. Stacks. Lightning can bounce to nearby enemies up to the indicated number of times by the bounce stat. All entities struck by it have their velocity set to 0 for an instant. Does not interact with mobs.,Firefly,,,,1,#VALUE!,#VALUE!,
,Unusual,,1,N/A,N/A,2.5,N/A,N/A,,45,3,5,,,,,,,,1,#VALUE!,#VALUE!,
,Rare,,1,N/A,N/A,2.5,N/A,N/A,,135,4,5,,,,,,,,1,#VALUE!,#VALUE!,
,Epic,,1,N/A,N/A,2.5,N/A,N/A,,405,5,5,,,,,,,,1,#VALUE!,#VALUE!,
,Legendary,,1,N/A,N/A,2.5,N/A,N/A,,1215,6,5,,,,,,,,1,#VALUE!,#VALUE!,
,Mythic,,1,N/A,N/A,2.5,N/A,N/A,,3645,7,5,,,,,,,,1,#VALUE!,#VALUE!,
,Ultra,,1,N/A,N/A,2.5,N/A,N/A,,10935,8,5,,,,,,,,1,#VALUE!,#VALUE!,
,Super,,1,N/A,N/A,2.5,N/A,N/A,,32805,9,5,,,,,,,,1,#VALUE!,#VALUE!,
Bone,Common,,1,15,10,2.5,N/A,0,Armor,4,N/A,,Far,Close,Petal has armor. See Statuses for info on armor.,Soldier Termite,,,,0,0,1,
,Unusual,,1,45,30,2.5,N/A,0,,12,,,,,,,,,,0,0,1,
,Rare,,1,135,90,2.5,N/A,0,,36,,,,,,,,,,0,0,1,
,Epic,,1,405,270,2.5,N/A,69.925,,108,,,,,,,,,,0,0,1,
,Legendary,,1,1215,810,2.5,N/A,374.436,,324,,,,,,,,,,0,0,1,
,Mythic,,1,3645,2430,2.5,N/A,2575.94,,972,,,,,,,,,,0,0,1,
,Ultra,,1,10935,7290,2.5,N/A,100714.286,,2916,,,,,,,,,,0,0,1,
,Super,,1,32805,21870,2.5,N/A,306259.398,,8748,,,,,,,,,,0,0,1,
Bubble,Common,,1,0,1,5.5,0.5,0,N/A,,,,None,Speed Boost,"Upon defending, boosts your flower in the direction opposite the bubble is facing. Petal goes on respawn afterward.",Bubble,,,,0,0,1,
,Unusual,,1,0,1,4.5,0.5,0,,,,,,,,,,,,0,0,1,
,Rare,,1,0,1,3.5,0.5,0,,,,,,,,,,,,0,0,1,
,Epic,,1,0,1,2.5,0.5,0,,,,,,,,,,,,0,0,1,
,Legendary,,1,0,1,1.5,0.5,0,,,,,,,,,,,,0,0,1,
,Mythic,,1,0,1,0.8,0.5,0,,,,,,,,,,,,0,0,1,
,Ultra,,1,0,1,0.5,0.1,0,,,,,,,,,,,,0,0,1,
,Super,,1,0,1,0.2,0.1,0,,,,,,,,,,,,0,0,1,
Bulb,Common,,1,5,10,1,0.5,0,Radius,300,N/A,,None,Close,Makes all mobs that can be aggressive within a close range aggressive toward you,"Firefly
Moth",,,,0,0,1,
,Unusual,,1,15,30,1,0.5,0,,600,,,,,,,,,,0,0,1,
,Rare,,1,45,90,1,0.5,0,,900,,,,,,,,,,0,0,1,
,Epic,,1,135,270,1,0.5,0,,1200,,,,,,,,,,0,0,1,
,Legendary,,1,405,810,1,0.5,160.345,,1500,,,,,,,,,,0,0,1,
,Mythic,,1,1215,2430,1,0.5,858.621,,1800,,,,,,,,,,0,0,1,
,Ultra,,1,3645,7290,1,0.5,8860.345,,2100,,,,,,,,,,0,0,1,
,Super,,1,10935,21870,1,0.5,83141.379,,2400,,,,,,,,,,0,0,1,
Bur,Common,,1,5,5,2,N/A,0,Armor Debuff; Duration,1.5,3,N/A,Far,Close,"Decreases armor upon hitting an enemy. Does not stack, though repeated hits will resert the duration. See Statuses for info on armor.",Mantis,,,,0,0,1,
,Unusual,,1,15,15,2,N/A,0,,4.5,3,,,,,,,,,0,0,1,
,Rare,,1,45,45,2,N/A,0,,13.5,3,,,,,,,,,0,0,1,
,Epic,,1,135,135,2,N/A,0,,40.5,3,,,,,,,,,0,0,1,
,Legendary,,1,405,405,2,N/A,142.361,,121.5,3,,,,,,,,,0,0,1,
,Mythic,,1,1215,1215,2,N/A,629.861,,364.5,3,,,,,,,,,0,0,1,
,Ultra,,1,3645,3645,2,N/A,4184.722,,1093.5,3,,,,,,,,,0,0,1,
,Super,,1,10935,10935,2,N/A,32399.306,,3280.5,3,,,,,,,,,0,0,1,
Cactus,Common,,1,5,15,1,N/A,0,Flower Health,25,N/A,,None,Close,"Increases the max health of the user. Stacks.
Health is increased (or decreased when unequipped) in such a way so that the percentage of health stays the same. 
Ex. Equipping a legendary cactus at 50% health gives the user 40 HP.",Cactus,,,,0,0,1,
,Unusual,,1,15,45,1,N/A,0,,75,,,,,,,,,,0,0,1,
,Rare,,1,45,135,1,N/A,0,,225,,,,,,,,,,0,0,1,
,Epic,,1,135,405,1,N/A,0,,675,,,,,,,,,,0,0,1,
,Legendary,,1,405,1215,1,N/A,160.345,,2025,,,,,,,,,,0,0,1,
,Mythic,,1,1215,3645,1,N/A,1717.241,,6075,,,,,,,,,,0,0,1,
,Ultra,,1,3645,10935,1,N/A,14767.241,,18225,,,,,,,,,,0,0,1,
,Super,,1,10935,32805,1,N/A,129331.034,,54675,,,,,,,,,,0,0,1,
Carrot,Common,,1,10,20,2.5,0.5,0,N/A,,,,Shoots,Close,"Upon attacking, shoots in a straight line away from the flower. If it hits a wall or mob, it will bounce off of it.",Baby Termite,,,,0,0,1,
,Unusual,,1,30,60,2.5,0.5,0,,,,,,,,,,,,0,0,1,
,Rare,,1,90,180,2.5,0.5,0,,,,,,,,,,,,0,0,1,
,Epic,,1,270,540,2.5,0.5,19.173,,,,,,,,,,,,0,0,1,
,Legendary,,1,810,1620,2.5,0.5,222.18,,,,,,,,,,,,0,0,1,
,Mythic,,1,2430,4860,2.5,0.5,1662.406,,,,,,,,,,,,0,0,1,
,Ultra,,1,7290,14580,2.5,0.5,15949.624,,,,,,,,,,,,0,0,1,
,Super,,1,21870,43740,2.5,0.5,146510.526,,,,,,,,,,,,0,0,1,
Claw,Common,,1,5,10,3.5,N/A,0,Extra Damage,100,N/A,,Far,Close,"Deals more damage on top of base damage, as determined by the extra damage stat, if the target is above 80% health. Otherwise deals base damage. Damage is reduced by 50% versus flowers. Base damage is calculated after extra damage.",Crab,,,,0,0,1,
,Unusual,,1,15,30,3.5,N/A,0,,300,,,,,,,,,,0,0,1,
,Rare,,1,45,90,3.5,N/A,0,,900,,,,,,,,,,0,0,1,
,Epic,,1,135,270,3.5,N/A,0,,2700,,,,,,,,,,0,0,1,
,Legendary,,1,405,810,3.5,N/A,50.82,,8100,,,,,,,,,,0,0,1,
,Mythic,,1,1215,2430,3.5,N/A,272.131,,24300,,,,,,,,,,0,0,1,
,Ultra,,1,3645,7290,3.5,N/A,2808.197,,72900,,,,,,,,,,0,0,1,
,Super,,1,10935,21870,3.5,N/A,26350.82,,218700,,,,,,,,,,0,0,1,
Clover,Common,,1,10,10,2.5,N/A,0,Luck,0.1,N/A,,None,Close,"Increases the luck stat, doesn't stack individually but stacks if multiple people use it. Doesn't work in PvP.
Luck increases the rarity of mobs that spawn around you. Luck caps out at 4 for an area.",Soldier Ant,,,,0,0,1,
,Unusual,,1,30,30,2.5,N/A,0,,0.2,,,,,,,,,,0,0,1,
,Rare,,1,90,90,2.5,N/A,0,,0.3,,,,,,,,,,0,0,1,
,Epic,,1,270,270,2.5,N/A,19.173,,0.4,,,,,,,,,,0,0,1,
,Legendary,,1,810,810,2.5,N/A,222.18,,0.5,,,,,,,,,,0,0,1,
,Mythic,,1,2430,2430,2.5,N/A,831.203,,0.6,,,,,,,,,,0,0,1,
,Ultra,,1,7290,7290,2.5,N/A,7974.812,,0.7,,,,,,,,,,0,0,1,
,Super,,1,21870,21870,2.5,N/A,73255.263,,0.8,,,,,,,,,,0,0,1,
Compass,Common,Awaiting Image,1,10,10,2.5,N/A,0,N/A,,,,None,Close,"Points to the nearest ultra mob. The ultra variant of this petal will instead point to a magnet if one is nearby, though the super version will not do this.",Termite Overmind,,,,0,0,1,
,Unusual,,1,30,30,2.5,N/A,0,,,,,,,,,,,,0,0,1,
,Rare,,1,90,90,2.5,N/A,0,,,,,,,,,,,,0,0,1,
,Epic,,1,270,270,2.5,N/A,19.173,,,,,,,,,,,,0,0,1,
,Legendary,,1,810,810,2.5,N/A,222.18,,,,,,,,,,,,0,0,1,
,Mythic,,1,2430,2430,2.5,N/A,831.203,,,,,,,,,,,,0,0,1,
,Ultra,,1,7290,7290,2.5,N/A,7974.812,,,,,,,,,,,,0,0,1,
,Super,,1,21870,21870,2.5,N/A,73255.263,,,,,,,,,,,,0,0,1,
Corn,Common,,1,5,300,10,N/A,0,N/A,,,,Far,Close,N/A,"Worker Ant
Worker Fire Ant",,,,0,0,1,
,Unusual,,1,15,900,10,N/A,0,,,,,,,,,,,,0,0,1,
,Rare,,1,45,2700,10,N/A,0,,,,,,,,,,,,0,0,1,
,Epic,,1,135,8100,10,N/A,0,,,,,,,,,,,,0,0,1,
,Legendary,,1,405,24300,10,N/A,183.071,,,,,,,,,,,,0,0,1,
,Mythic,,1,1215,72900,10,N/A,2630.282,,,,,,,,,,,,1,1.2,1.2,
,Ultra,,1,3645,218700,10,N/A,22408.43,,,,,,,,,,,,1,3.6,3.6,
,Super,,1,10935,656100,10,N/A,138040.076,,,,,,,,,,,,1,10.8,10.8,
Cotton,Common,,1,0,6,1.5,N/A,0,N/A,,,,None,Close,"Negates all incoming damage, causing damage to go to the petal instead.",Bush,,,,0,0,1,
,Unusual,,1,0,18,1.5,N/A,0,,,,,,,,,,,,0,0,1,
,Rare,,1,0,54,1.5,N/A,0,,,,,,,,,,,,0,0,1,
,Epic,,1,0,162,1.5,N/A,0,,,,,,,,,,,,0,0,1,
,Legendary,,1,0,486,1.5,N/A,0,,,,,,,,,,,,0,0,1,
,Mythic,,1,0,1458,1.5,N/A,0,,,,,,,,,,,,0,0,1,
,Ultra,,1,0,2525,1.5,N/A,0,,,,,,,,,,,,0,0,1,
,Super,,1,0,4374,1.5,N/A,0,,,,,,,,,,,,0,0,1,
Cutter,Common,,N/A,N/A,N/A,N/A,N/A,N/A,Body Damage,20,N/A,,N/A,N/A,"Does not orbit the user, instead appear on their flower. This change is visible in the UI at the top left. Grants a bonus to the user's body damage. Does not stack.",Digger,,,,1,#VALUE!,#VALUE!,
,Unusual,,N/A,N/A,N/A,N/A,N/A,N/A,,60,,,,,,,,,,1,#VALUE!,#VALUE!,
,Rare,,N/A,N/A,N/A,N/A,N/A,N/A,,180,,,,,,,,,,1,#VALUE!,#VALUE!,
,Epic,,N/A,N/A,N/A,N/A,N/A,N/A,,540,,,,,,,,,,1,#VALUE!,#VALUE!,
,Legendary,,N/A,N/A,N/A,N/A,N/A,N/A,,1620,,,,,,,,,,1,#VALUE!,#VALUE!,
,Mythic,,N/A,N/A,N/A,N/A,N/A,N/A,,4860,,,,,,,,,,1,#VALUE!,#VALUE!,
,Ultra,,N/A,N/A,N/A,N/A,N/A,N/A,,14580,,,,,,,,,,1,#VALUE!,#VALUE!,
,Super,,N/A,N/A,N/A,N/A,N/A,N/A,,43740,,,,,,,,,,1,#VALUE!,#VALUE!,
Dahlia,Common,,3,1.7,1.7,1.5,1,0,Heal,1,N/A,,None,Close,"Does not extend upon attacking.
If the user or a nearby player (PvE) is not at full health, the rose gets absorbed by that player and goes on respawn. 
Heal stat is for each individual petal.","Ladybug (Dark)
Ladybug (Shiny)",,1.25,,0,0,1,
,Unusual,,3,5.0,5.0,1.5,1,0,,4,,,,,,,,,,0,0,1,
,Rare,,3,15.0,15.0,1.5,1,0,,11,,,,,,,,,,0,0,1,
,Epic,,3,45.0,45.0,1.5,1,0,,34,,,,,,,,,,0,0,1,
,Legendary,,3,135.0,135.0,1.5,1,0,,101,,,,,,,,,,0,0,1,
,Mythic,,3,405,405,1.5,1,336.145,,304,,,,,,,,,,0,0,1,
,Ultra,,3,1215,1215,1.5,1,1800,,526,,,,,,,,,,0,0,1,
,Super,,3,3645,3645,1.5,1,12383.133,,911,,,,,,,,,,0,0,1,
Dandelion,Common,,1,5,5,1,0.5,0,Duration,0,N/A,,Shoots,Close,"
Upon attacking, shoots in a straight line away from the flower. Enemies it hits have their healing received reduced by 20% for the duration listed. Stacks multiplicatively. Flowers hit by this turn a pale yellow.
If there are multiple petals, petals do not occupy the same spot, instead forming a line of petals. This decreases the distance between petals.
Cannot go through walls. See Statuses for info on healing received.",Dandelion,,,,0,0,1,
,Unusual,,1,15,15,1,0.5,0,,4,,,,,,,,,,0,0,1,
,Rare,,1,45,45,1,0.5,0,,8,,,,,,,,,,0,0,1,
,Epic,,1,135,135,1,0.5,0,,12,,,,,,,,,,0,0,1,
,Legendary,,1,405,405,1,0.5,160.345,,16,,,,,,,,,,0,0,1,
,Mythic,,2,607.5,607.5,1,0.5,669.828,,20,,,,,,,,,,0,0,1,
,Ultra,,3,1215,1215,1,0.5,2575.862,,24,,,,,,,,,,0,0,1,
,Super,,3,3645,3645,1,0.5,17720.69,,28,,,,,,,,,,0,0,1,
Dice,Common,,1,10,10,2.5,N/A,2.462,N/A,,,,Far,Close,"Has a 5% chance of dealing 35 times the normal damage. % chance of 35 times damage increases by 0.4% for every 0.1 extra luck (from clovers).
Randomly changes appearance from 1 to 6 pips",Beetle (Hel),,,,0,0,1,
,Unusual,,1,30,30,2.5,N/A,15.62,,,,,,,,,,,,0,0,1,
,Rare,,1,90,90,2.5,N/A,55.094,,,,,,,,,,,,0,0,1,
,Epic,,1,270,270,2.5,N/A,191.729,,,,,,,,,,,,0,0,1,
,Legendary,,1,810,810,2.5,N/A,739.85,,,,,,,,,,,,0,0,1,
,Mythic,,1,2430,2430,2.5,N/A,2384.211,,,,,,,,,,,,0,0,1,
,Ultra,,1,7290,7290,2.5,N/A,21951.88,,,,,,,,,,,,0,0,1,
,Super,,1,21870,21870,2.5,N/A,199048.872,,,,,,,,,,,,0,0,1,
Disc,Common,,1,N/A,N/A,N/A,N/A,N/A,Collision Damage Resistance,6.3%,N/A,,N/A,N/A,"Does not orbit the user, instead appear on their flower. This change is visible in the UI at the top left. Reduces incoming body damage. Does not stack.",Fire Ant Burrow,,,,1,#VALUE!,#VALUE!,
,Unusual,,1,N/A,N/A,N/A,N/A,N/A,,12.5%,,,,,,,,,,1,#VALUE!,#VALUE!,
,Rare,,1,N/A,N/A,N/A,N/A,N/A,,18.8%,,,,,,,,,,1,#VALUE!,#VALUE!,
,Epic,,1,N/A,N/A,N/A,N/A,N/A,,25.0%,,,,,,,,,,1,#VALUE!,#VALUE!,
,Legendary,,1,N/A,N/A,N/A,N/A,N/A,,31.3%,,,,,,,,,,1,#VALUE!,#VALUE!,
,Mythic,,1,N/A,N/A,N/A,N/A,N/A,,37.5%,,,,,,,,,,1,#VALUE!,#VALUE!,
,Ultra,,1,N/A,N/A,N/A,N/A,N/A,,43.8%,,,,,,,,,,1,#VALUE!,#VALUE!,
,Super,,1,N/A,N/A,N/A,N/A,N/A,,50.0%,,,,,,,,,,1,#VALUE!,#VALUE!,
Egg (Ant),Common,,4,0,25.0,1,30,0,Contents,x4 Soldier Ant (Common),N/A,,None,None,"Spawns four friendly soldier ants that will follow the user and attack nearby non-stationary mobs or enemy flowers. It cannot damage the user or flowers in PvE. They are still able to interact with the friendly mob, pushing it around. Enemy mobs will act hostile toward friendly mobs. Friendly mobs appear yellow instead of their normal color. The petal's health bar will reflect the friendly mob's health. Summoned mobs can damage other summoned mobs from non-squad members.
Cannot go through walls. When an egg is hatched, it does not occupy space in the flower's orbit.","Ant Egg
Fire Ant Egg
Queen Ant
Queen Fire Ant
Termite Egg",3,3,3,0,0,1,0
,Unusual,,4,0,75.0,1,38,0,,x4 Soldier Ant (Unusual),,,,,,,9,9,9,0,0,1,100
,Rare,,4,0,225.0,1,2.4,0,,x4 Soldier Ant (Unusual),,,,,,,27,27,27,0,0,1,
,Epic,,4,0,675.0,1,3.3,0,,x4 Soldier Ant (Rare),,,,,,,81,81,81,0,0,1,
,Legendary,,4,0,2025.0,1,5.1,0,,x4 Soldier Ant (Epic),,,,,,,243,243,243,0,0,1,
,Mythic,,4,0,6075.0,1,15.8,0,,x4 Soldier Ant (Legendary),,,,,,,420.8883462,729,729,0,0,1,
,Ultra,,4,0,18225.0,1,33.6,0,,x4 Soldier Ant (Mythic),,,,,,,729,2187,2187,0,0,1,
,Super,,4,0,54675.0,1,2,0,,x4 Soldier Ant (Mythic),,,,,,,,,,0,0,1,
Egg (Beetle),Common,,1,0,25,1,15,0,Contents,Beetle (Common),N/A,,None,None,"Spawns a friendly beetle that will follow the user and attack nearby non-stationary mobs or enemy flowers. It cannot damage the user or flowers in PvE. They are still able to interact with the friendly mob, pushing it around. Enemy mobs will act hostile toward friendly mobs. Friendly mobs appear yellow instead of their normal color. The petal's health bar will reflect the friendly mob's health. Summoned mobs can damage other summoned mobs from non-squad members.
Cannot go through walls. When an egg is hatched, it does not occupy space in the flower's orbit.","Beetle (Hel)
Beetle (Normal)",,,,0,0,1,
,Unusual,,1,0,75,1,19.2,0,,Beetle (Unusual),,,,,,,,,,0,0,1,
,Rare,,1,0,225,1,23.5,0,,Beetle (Rare),,,,,,,,,,0,0,1,
,Epic,,1,0,675,1,32,0,,Beetle (Epic),,,,,,,,,,0,0,1,
,Legendary,,1,0,2025,1,1.8,0,,Beetle (Epic),,,,,,,,,,0,0,1,
,Mythic,,1,0,6075,1,7.4,0,,Beetle (Legendary),,,,,,,,,,0,0,1,
,Ultra,,1,0,18225,1,16.9,0,,Beetle (Mythic),,,,,,,,,,0,0,1,
,Super,,1,0,54675,1,0.1,0,,Beetle (Mythic),,,,,,,,,,0,0,1,
Fangs,Common,,1,15,10,3.5,N/A,0,Damage Healed,35%,N/A,,Far,Close,A portion of the damage this petal deals heals the flower. ,"
Leech
",,0.15,,0,0,1,
,Unusual,,1,45,30,3.5,N/A,0,,35%,,,,,,,,,,0,0,1,
,Rare,,1,135,90,3.5,N/A,0,,35%,,,,,,,,,,0,0,1,
,Epic,,1,405,270,3.5,N/A,50.82,,35%,,,,,,,,,,0,0,1,
,Legendary,,1,1215,810,3.5,N/A,272.131,,35%,,,,,,,,,,0,0,1,
,Mythic,,1,3645,2430,3.5,N/A,936.066,,35%,,,,,,,,,,0,0,1,
,Ultra,,1,10935,7290,3.5,N/A,8783.607,,20.2%,,,,,,,,,,0,0,1,
,Super,,1,32805,21870,3.5,N/A,80129.508,,11.7%,,,,,,,,,,0,0,1,
Faster,Common,,1,8,5,2.5,N/A,0,Rotation Speed (rad/s),0.5,N/A,,Very Far,Close,"Increases the speed at which petals rotate around the user. Stacks with other fasters.
1 rad ≈ 57.3°
2π rad = 1 revolution
Moves erratically in its orbit, wildly jumping in and out.","
Spider
Leech",,,,0,0,1,
,Unusual,,1,24,15,2.5,N/A,0,,0.7,,,,,,,,,,0,0,1,
,Rare,,1,72,45,2.5,N/A,0,,0.9,,,,,,,,,,0,0,1,
,Epic,,1,216,135,2.5,N/A,0,,1.1,,,,,,,,,,0,0,1,
,Legendary,,1,648,405,2.5,N/A,161.278,,1.3,,,,,,,,,,0,0,1,
,Mythic,,1,1944,1215,2.5,N/A,648.496,,1.5,,,,,,,,,,0,0,1,
,Ultra,,1,5832,3645,2.5,N/A,4220.301,,1.7,,,,,,,,,,0,0,1,
,Super,,1,17496,10935,2.5,N/A,32475.564,,1.9,,,,,,,,,,0,0,1,
Grapes,Common,,1,3,20,1.5,0.5,7.333,Poison; Poison DPS,11,15,N/A,Shoots,Close,"Upon attacking, splits off in 4 directions at 90 degree angles, moving in a straight line away from their release point. The grapes' orientation does not effect the direction it moves.
Health of the projectile is 1/4 the health of the petal as a whole. Petal and projectiles poison enemy upon contact for 11/15 of a second.
Cannot go through walls. Destroyed by walls if shot.
See Statuses for info on poison.",Centipede (Evil),,,,0,0,1,
,Unusual,,1,9,60,1.5,0.5,22,,33,45,,,,,,,,,0,0,1,
,Rare,,1,27,180,1.5,0.5,66,,99,135,,,,,,,,,0,0,1,
,Epic,,1,81,540,1.5,0.5,198,,297,405,,,,,,,,,0,0,1,
,Legendary,,1,243,1620,1.5,0.5,608.458,,891,1215,,,,,,,,,0,0,1,
,Mythic,,1,729,4860,1.5,0.5,2396.458,,2673,3645,,,,,,,,,0,0,1,
,Ultra,,1,2187,14580,1.5,0.5,12459.253,,8019,10935,,,,,,,,,0,0,1,
,Super,,1,6561,43740,1.5,0.5,84806.675,,24057,32805,,,,,,,,,0,0,1,
Heavy,Common,,1,9,150,10,N/A,0,N/A,,,,Somewhat Far,None,"Slows down petal rotation speed, stacking with other heavies
Does not fully extend upon attacking, extending only partially. Does not contract upon defending. Can push opponents around, even pushing stationary mobs (except Ant Holes).
When near an enemy mob, it will retreat from its orbit toward the enemy, dragging adjacent petals with it. It will stick to this enemy until the enemy dies, the petal dies or the user is far away from the enemy.",Rock,,,,0,0,1,
,Unusual,,1,27,450,10,N/A,0,,,,,,,,,,,,0,0,1,
,Rare,,1,81,1350,10,N/A,0,,,,,,,,,,,,0,0,1,
,Epic,,1,243,4050,10,N/A,4.724,,,,,,,,,,,,0,0,1,
,Legendary,,1,729,12150,10,N/A,250.984,,,,,,,,,,,,0,0,1,
,Mythic,,1,2187,36450,10,N/A,2905.512,,,,,,,,,,,,0,0,1,
,Ultra,,1,6561,109350,10,N/A,23862.04,,,,,,,,,,,,1,1.8,1.8,
,Super,,1,19683,328050,10,N/A,168871.465,,,,,,,,,,,,1,5.4,5.4,
Honey,Common,,1,0,50,2,0.5,0,Max Mob Rarity,Common,N/A,,Shoots - Lays down,Shoots - Lays down,"Shoots out upon attack or defend. Mobs at or below the rarity specified by the petal will prioritize attacking the laid down honey if nearby, doing so until the honey is destroyed or the honey disappears after a short duration. When destroyed, the petal goes on respawn. Not effective on projectile mobs (excluding Scorpions).
Cannot go through walls.","Bee
Bumble Bee",,,,0,0,1,
,Unusual,,1,0,150,2,0.5,0,,Common,,,,,,,,,,0,0,1,
,Rare,,1,0,450,2,0.5,0,,Unusual,,,,,,,,,,0,0,1,
,Epic,,1,0,1350,2,0.5,0,,Rare,,,,,,,,,,0,0,1,
,Legendary,,1,0,4050,2,0.5,0,,Epic,,,,,,,,,,0,0,1,
,Mythic,,1,0,12150,2,0.5,0,,Legendary,,,,,,,,,,0,0,1,
,Ultra,,1,0,36450,2,0.5,0,,Mythic,,,,,,,,,,0,0,1,
,Super,,1,0,109350,2,0.5,0,,Ultra,,,,,,,,,,1,1.8,1.8,
Iris,Common,,1,5,5,4,N/A,14.423,Poison; Poison DPS,60,20,N/A,Far,Close,"Deals poison damage over 3 seconds. 
See Statuses for info on poison.","Scorpion
Centipede (Evil)",,,,0,0,1,
,Unusual,,1,15,15,4,N/A,43.269,,180,60,,,,,,,,,0,0,1,
,Rare,,1,45,45,4,N/A,129.808,,540,180,,,,,,,,,0,0,1,
,Epic,,1,135,135,4,N/A,389.423,,1620,540,,,,,,,,,0,0,1,
,Legendary,,1,405,405,4,N/A,1212.981,,4860,1620,,,,,,,,,0,0,1,
,Mythic,,1,1215,1215,4,N/A,3744.231,,14580,4860,,,,,,,,,0,0,1,
,Ultra,,1,3645,3645,4,N/A,12161.538,,43740,14580,,,,,,,,,0,0,1,
,Super,,1,10935,10935,4,N/A,44423.077,,131220,43740,,,,,,,,,0,0,1,
Jelly,Common,,1,10,10,2.5,N/A,0,Knockback,300,N/A,,Far,Close,"Upon contact, repels whatever it touched by the knockback distance, with the strength decreasing the further one is away from the petal.",Jellyfish,,1.9,,0,0,1,
,Unusual,,1,30,30,2.5,N/A,0,,432,,,,,,,,,,0,0,1,
,Rare,,1,90,90,2.5,N/A,0,,675,,,,,,,,,,0,0,1,
,Epic,,1,270,270,2.5,N/A,19.173,,1100,,,,,,,,,,0,0,1,
,Legendary,,1,810,810,2.5,N/A,222.18,,2700,,,,,,,,,,0,0,1,
,Mythic,,1,2430,2430,2.5,N/A,831.203,,7400,,,,,,,,,,0,0,1,
,Ultra,,1,7290,7290,2.5,N/A,7974.812,,19000,,,,,,,,,,0,0,1,
,Super,,1,21870,21870,2.5,N/A,73255.263,,50700,,,,,,,,,,0,0,1,
Leaf,Common,,1,13,12,1.8,1,0,Heal (per sec); Mob Heal,1,15,N/A,Far,Close,"Heals the user at a constant rate (usage respawn doesn't apply to this). Stacks with other healing petals.
If a nearby friendly mob (excluding diggers), is not at full health, the leaf gets absorbed by that mob, heals them and goes on respawn. ","Baby Ant
Worker Ant
Centipede (Green)
Leafbug",,1,15,0,0,1,
,Unusual,,1,39,36,1.8,1,0,,3,45,,,,,,,,,0,0,1,
,Rare,,1,117,108,1.8,1,0,,9,135,,,,,,,,,0,0,1,
,Epic,,1,351,324,1.8,1,67.347,,27,405,,,,,,,,,0,0,1,
,Legendary,,1,1053,972,1.8,1,425.51,,81,1215,,,,,,,,,0,0,1,
,Mythic,,1,3159,2916,1.8,1,3000,,243,3645,,,,,,,,,0,0,1,
,Ultra,,1,9477,8748,1.8,1,18893.878,,421,6313,,,,,,,,,0,0,1,
,Super,,1,28431,26244,1.8,1,158332.653,,729,10935,,,,,,,,,0,0,1,
Light,Common,,1,13,5,0.8,N/A,0,N/A,,,,Very Far,Close,"If there are multiple petals, petals do not occupy the same spot, instead forming a line of petals. This decreases the distance between petals.
Goes out further than other petals upon attacking.","Ladybug
Baby Ant
Baby Fire Ant",,,,0,0,1,
,Unusual,,2,20,8,0.8,N/A,0,,,,,,,,,,,,0,0,1,
,Rare,,2,59,23,0.8,N/A,0,,,,,,,,,,,,0,0,1,
,Epic,,3,117.0,45.0,0.8,N/A,0,,,,,,,,,,,,0,0,1,
,Legendary,,3,351.0,135.0,0.8,N/A,412.5,,,,,,,,,,,,0,0,1,
,Mythic,,5,631.8,243,0.8,N/A,2150,,,,,,,,,,,,0,0,1,
,Ultra,,5,1895.4,729,0.8,N/A,8731.25,,,,,,,,,,,,0,0,1,
,Super,,5,5686.2,2187,0.8,N/A,28475,,,,,,,,,,,,0,0,1,
Lightning,Common,,1,0,20,2.5,N/A,9.6,Lightning; Bounces,12,2,N/A,Far,Close,"Activates upon contact with enemy mobs or flowers, then goes on respawn. Can bounce to nearby enemies up to the indicated number of times by the bounce stat. All entities struck by it have their velocity set to 0 for an instant.
If it attacks a player with a Magnet equipped, it will damage the magnet instead of them.",Jellyfish,,,,0,0,1,
,Unusual,,1,0,60,2.5,N/A,43.2,,36,3,,,,,,,,,0,0,1,
,Rare,,1,0,180,2.5,N/A,172.8,,108,4,,,,,,,,,0,0,1,
,Epic,,1,0,540,2.5,N/A,648,,324,5,,,,,,,,,0,0,1,
,Legendary,,1,0,1620,2.5,N/A,2332.8,,972,6,,,,,,,,,0,0,1,
,Mythic,,1,0,4860,2.5,N/A,8164.8,,2916,7,,,,,,,,,0,0,1,
,Ultra,,1,0,14580,2.5,N/A,27993.6,,8748,8,,,,,,,,,0,0,1,
,Super,,1,0,43740,2.5,N/A,94478.4,,26244,9,,,,,,,,,0,0,1,
Lotus,Common,,1,1,40,2.5,N/A,0,N/A,,,,None,None,"Negates all poison damage, causing damage to go to the petal instead",Roach,,,,0,0,1,
,Unusual,,1,3,120,2.5,N/A,0,,,,,,,,,,,,0,0,1,
,Rare,,1,9,360,2.5,N/A,0,,,,,,,,,,,,0,0,1,
,Epic,,1,27,1080,2.5,N/A,0,,,,,,,,,,,,0,0,1,
,Legendary,,1,81,3240,2.5,N/A,0,,,,,,,,,,,,0,0,1,
,Mythic,,1,243,9720,2.5,N/A,36.09,,,,,,,,,,,,0,0,1,
,Ultra,,1,729,29160,2.5,N/A,2300.752,,,,,,,,,,,,0,0,1,
,Super,,1,2187,87480,2.5,N/A,17280,,,,,,,,,,,,1,1.44,1.44,
Magnet,Common,,1,1,30,1.5,N/A,0,Pickup Range,-120,N/A,,None,Close,"Increases the range at which the user collects petals. Does not stack. Effect is not active if petal is on cooldown or in PvP.
","Fire Ant Burrow
Shell",,,,0,0,1,
,Unusual,,1,3,90,1.5,N/A,0,,60,,,,,,,,,,0,0,1,
,Rare,,1,9,270,1.5,N/A,0,,240,,,,,,,,,,0,0,1,
,Epic,,1,27,810,1.5,N/A,0,,420,,,,,,,,,,0,0,1,
,Legendary,,1,81,2430,1.5,N/A,0,,600,,,,,,,,,,0,0,1,
,Mythic,,1,243,7290,1.5,N/A,43.373,,780,,,,,,,,,,0,0,1,
,Ultra,,1,729,21870,1.5,N/A,2765.06,,960,,,,,,,,,,0,0,1,
,Super,,1,2187,65610,1.5,N/A,19392.701,,"1,140",,,,,,,,,,1,1.08,1.08,
Mark,Common,,1,0,10,1,960,0,N/A,,,,None,Close,"Goes on top of any nearby dead player (not in PvP). After the secondary timer has elapsed, this player is sent to hel, a special PvP arena where hel beetles spawn. Petal goes on respawn afterward.",Beetle (Hel),,,,0,0,1,
,Unusual,,1,0,30,1,480,0,,,,,,,,,,,,0,0,1,
,Rare,,1,0,90,1,240,0,,,,,,,,,,,,0,0,1,
,Epic,,1,0,270,1,120.0,0,,,,,,,,,,,,0,0,1,
,Legendary,,1,0,810,1,60.0,0,,,,,,,,,,,,0,0,1,
,Mythic,,1,0,2430,1,30.0,0,,,,,,,,,,,,0,0,1,
,Ultra,,1,0,7290,1,10.0,0,,,,,,,,,,,,0,0,1,
,Super,,1,0,21870,1,4.0,0,,,,,,,,,,,,0,0,1,
Missile,Common,,1,25,2,2.5,0.5,0,N/A,,,,Shoots,Close,"Upon attacking, shoots in a straight line away from the flower.
Mythic+ missile can change its angle slightly to target nearby entities.
Cannot go through walls. Destroyed by walls if shot.","Hornet
Wasp",,20,20,0,0,1,
,Unusual,,1,75,6,2.5,0.5,0,,,,,,,,,,,,0,0,1,
,Rare,,1,225,18,2.5,0.5,2.256,,,,,,,,,,,,0,0,1,
,Epic,,1,675,54,2.5,0.5,171.429,,,,,,,,,,,,0,0,1,
,Legendary,,1,2025,162,2.5,0.5,678.947,,,,,,,,,,,,0,0,1,
,Mythic,,1,6075,486,2.5,0.5,2201.504,,,,,,,,,,,,0,0,1,
,Ultra,,1,18225,1458,2.5,0.5,6769.173,,,,,,,,,,,,0,0,1,
,Super,,1,54675,4374,2.5,0.5,40944.361,,,,,,,,,,,,0,0,1,
Orange,Common,,3,6.7,6.7,4,N/A,0,N/A,,,,Far,N/A,Has 3 petals that form a large triangle in their orbit.,Hornet,,,,0,0,1,
,Unusual,,3,20.0,20.0,4,N/A,0,,,,,,,,,,,,0,0,1,
,Rare,,3,60.0,60.0,4,N/A,0,,,,,,,,,,,,0,0,1,
,Epic,,3,180.0,180.0,4,N/A,0,,,,,,,,,,,,0,0,1,
,Legendary,,3,540.0,540.0,4,N/A,231.49,,,,,,,,,,,,0,0,1,
,Mythic,,3,1620,1620,4,N/A,1010.337,,,,,,,,,,,,0,0,1,
,Ultra,,3,4860,4860,4,N/A,6693.75,,,,,,,,,,,,0,0,1,
,Super,,3,14580,14580,4,N/A,62138.942,,,,,,,,,,,,0,0,1,
Pearl,Common,,1,15,50,4,0.5,0,N/A,,,,"Shoots - Lays Down.
If already laid down, repelled by the player if nearby. Follows the player if far away.",None. Returns to the player if laid down.,"Upon attacking, goes outward for a short distance before stopping in place. The user can cause the petal to return to them by defending or by going far enough away if neutral. The petal does not return if attacking, though it will start to follow the user if they get far enough. Getting too close while attacking pushes the petal away. If the petal is too far away (by getting caught behind a wall), it will go on respawn.
Cannot go through walls.",Shell,,,,0,0,1,
,Unusual,,1,45,150,4,0.5,0,,,,,,,,,,,,0,0,1,
,Rare,,1,135,450,4,0.5,0,,,,,,,,,,,,0,0,1,
,Epic,,1,405,1350,4,0.5,44.712,,,,,,,,,,,,0,0,1,
,Legendary,,1,1215,4050,4,0.5,478.846,,,,,,,,,,,,0,0,1,
,Mythic,,1,3645,12150,4,0.5,4117.788,,,,,,,,,,,,0,0,1,
,Ultra,,1,10935,36450,4,0.5,38639.423,,,,,,,,,,,,0,0,1,
,Super,,1,32805,109350,4,0.5,246035.235,,,,,,,,,,,,1,1.8,1.8,
Peas,Common,,1,10,20,1.5,0.5,0,N/A,,,,Shoots,Close,"Upon attacking, splits off in 4 directions at 90 degree angles, moving in a straight line away from their release point. The peas' orientation does not effect the direction it moves.
Health of the projectile is 1/4 the health of the petal as a whole.
Cannot go through walls. Destroyed by walls if shot.","Centipede (Green)
Mantis",,,,0,0,1,
,Unusual,,1,30,60,1.5,0.5,0,,,,,,,,,,,,0,0,1,
,Rare,,1,90,180,1.5,0.5,0,,,,,,,,,,,,0,0,1,
,Epic,,1,270,540,1.5,0.5,30.723,,,,,,,,,,,,0,0,1,
,Legendary,,1,810,1620,1.5,0.5,356.024,,,,,,,,,,,,0,0,1,
,Mythic,,1,2430,4860,1.5,0.5,2663.855,,,,,,,,,,,,0,0,1,
,Ultra,,1,7290,14580,1.5,0.5,25557.831,,,,,,,,,,,,0,0,1,
,Super,,1,21870,43740,1.5,0.5,234769.88,,,,,,,,,,,,0,0,1,
Pincer,Common,,1,5,5,2.5,N/A,1.5,Poison; Poison DPS; Duration,15,10,1.5,Far,Close,"Inflicts poison damage and slows down enemies it hits.
See Statuses for info on poison. Poison rate differs slightly per rarity with the poison damage being dished out over the entire length of the duration stat.
Duration determines slowdown time. Slowdown is by 80% and stacks with webs. Shells are immune to the slowdown effect, high rarity mobs resist it.",Scorpion,,,,0,0,1,
,Unusual,,1,15,15,2.5,N/A,1.5,,45,30,1.5,,,,,,,,0,0,1,
,Rare,,1,45,45,2.5,N/A,1.5,,135,90,1.5,,,,,,,,0,0,1,
,Epic,,1,135,135,2.5,N/A,1.5,,405,270,1.5,,,,,,,,0,0,1,
,Legendary,,1,405,405,2.5,N/A,71.425,,1215,810,1.5,,,,,,,,0,0,1,
,Mythic,,1,1215,1215,2.5,N/A,375.936,,3645,2430,1.5,,,,,,,,0,0,1,
,Ultra,,1,3645,3645,2.5,N/A,2577.44,,10935,7290,1.5,,,,,,,,0,0,1,
,Super,,1,10935,10935,2.5,N/A,20144.357,,32805,21870,1.5,,,,,,,,0,0,1,
Plank,Common,,1,10,10,2.5,N/A,0,N/A,,,,None,Close,Damage against projectiles is increased by 20x.,Worker Termite,,,,0,0,1,
,Unusual,,1,30,30,2.5,N/A,0,,,,,,,,,,,,0,0,1,
,Rare,,1,90,90,2.5,N/A,0,,,,,,,,,,,,0,0,1,
,Epic,,1,270,270,2.5,N/A,19.173,,,,,,,,,,,,0,0,1,
,Legendary,,1,810,810,2.5,N/A,222.18,,,,,,,,,,,,0,0,1,
,Mythic,,1,2430,2430,2.5,N/A,831.203,,,,,,,,,,,,0,0,1,
,Ultra,,1,7290,7290,2.5,N/A,7974.812,,,,,,,,,,,,0,0,1,
,Super,,1,21870,21870,2.5,N/A,73255.263,,,,,,,,,,,,0,0,1,
Pollen,Common,,1,15,5,1,0.5,0,N/A,,,,Far - Lays Down,Close - Lays Down,"Upon attacking, petals move outward as normal but drop in place instead of continuing to rotate around the flower. The petals will also spread out a bit.
Upon defending, the same occurs but the petals move inward and get closer to each other.
If there are multiple petals, petals do not occupy the same spot, instead forming a line of petals. This decreases the distance between petals.","Bee
Bumble Bee",,,,0,0,1,
,Unusual,,1,45,15,1,0.5,0,,,,,,,,,,,,0,0,1,
,Rare,,2,68,23,1,0.5,0,,,,,,,,,,,,0,0,1,
,Epic,,3,135,45.0,1,0.5,0,,,,,,,,,,,,0,0,1,
,Legendary,,3,405,135.0,1,0.5,481.034,,,,,,,,,,,,0,0,1,
,Mythic,,3,1215,405,1,0.5,2575.862,,,,,,,,,,,,0,0,1,
,Ultra,,3,3645,1215,1,0.5,8860.345,,,,,,,,,,,,0,0,1,
,Super,,3,10935,3645,1,0.5,55427.586,,,,,,,,,,,,0,0,1,
Poo,Common,,1,5,5,2.5,N/A,0,Mob Aggro Range,0%,N/A,,N/A,Close,Decreases mob aggro range on you when equipped. Does not stack.,Fly,,,,0,0,1,
,Unusual,,1,15,15,2.5,N/A,0,,-10%,,,,,,,,,,0,0,1,
,Rare,,1,45,45,2.5,N/A,0,,-20%,,,,,,,,,,0,0,1,
,Epic,,1,135,135,2.5,N/A,0,,-30%,,,,,,,,,,0,0,1,
,Legendary,,1,405,405,2.5,N/A,69.925,,-40%,,,,,,,,,,0,0,1,
,Mythic,,1,1215,1215,2.5,N/A,374.436,,-50%,,,,,,,,,,0,0,1,
,Ultra,,1,3645,3645,2.5,N/A,2575.94,,-60%,,,,,,,,,,0,0,1,
,Super,,1,10935,10935,2.5,N/A,20142.857,,-70%,,,,,,,,,,0,0,1,
Powder,Common,,1,0,10,4,N/A,0,Movement Speed; Max Mob Rarity,25%,Common,N/A,None,Close,"Doubles base movement speed. Doesn't stack. Goes on respawn if the flower takes damage, if a mob higher than the desginated rarity is nearby or a player is nearby in PvP (roughly normal FoV range)",Centipede (Desert),,,,0,0,1,
,Unusual,,1,0,30,4,N/A,0,,50%,Common,,,,,,,,,0,0,1,
,Rare,,1,0,90,4,N/A,0,,75%,Common,,,,,,,,,0,0,1,
,Epic,,1,0,270,4,N/A,0,,100%,Unusual,,,,,,,,,0,0,1,
,Legendary,,1,0,810,4,N/A,0,,125%,Rare,,,,,,,,,0,0,1,
,Mythic,,1,0,2430,4,N/A,0,,150%,Epic,,,,,,,,,0,0,1,
,Ultra,,1,0,7290,4,N/A,0,,175%,Legendary,,,,,,,,,0,0,1,
,Super,,1,0,21870,4,N/A,0,,200%,Legendary,,,,,,,,,0,0,1,
Relic,Common,,N/A,N/A,N/A,N/A,N/A,N/A,% Distributed,12.5%,N/A,,N/A,N/A,"Does not orbit the user, instead makes the user appear reddish. If the user takes damage, all other nearby relic users take a percentage of the damage too, spreading it out.","Baby Termite
Soldier Termite
Worker Termite
Termite Overmind
Termite Mound",,,,1,#VALUE!,#VALUE!,
,Unusual,,N/A,N/A,N/A,N/A,N/A,N/A,,25.0%,,,,,,,,,,1,#VALUE!,#VALUE!,
,Rare,,N/A,N/A,N/A,N/A,N/A,N/A,,37.5%,,,,,,,,,,1,#VALUE!,#VALUE!,
,Epic,,N/A,N/A,N/A,N/A,N/A,N/A,,50.0%,,,,,,,,,,1,#VALUE!,#VALUE!,
,Legendary,,N/A,N/A,N/A,N/A,N/A,N/A,,62.5%,,,,,,,,,,1,#VALUE!,#VALUE!,
,Mythic,,N/A,N/A,N/A,N/A,N/A,N/A,,75.0%,,,,,,,,,,1,#VALUE!,#VALUE!,
,Ultra,,N/A,N/A,N/A,N/A,N/A,N/A,,87.5%,,,,,,,,,,1,#VALUE!,#VALUE!,
,Super,,N/A,N/A,N/A,N/A,N/A,N/A,,100.0%,,,,,,,,,,1,#VALUE!,#VALUE!,
Rice,Common,,1,4,1,0.1,N/A,0,N/A,,,,Far,Close,"The petal needs time to move from the flower to its orbit, reducing its practical DPS.",Baby Ant,,,,0,0,1,
,Unusual,,1,12,3,0.1,N/A,0,,,,,,,,,,,,0,0,1,
,Rare,,1,36,9,0.1,N/A,0,,,,,,,,,,,,0,0,1,
,Epic,,1,108,27,0.1,N/A,0,,,,,,,,,,,,0,0,1,
,Legendary,,1,324,81,0.1,N/A,500,,,,,,,,,,,,0,0,1,
,Mythic,,1,972,243,0.1,N/A,3585.714,,,,,,,,,,,,0,0,1,
,Ultra,,1,2916,729,0.1,N/A,12842.857,,,,,,,,,,,,0,0,1,
,Super,,1,8748,2187,0.1,N/A,40614.286,,,,,,,,,,,,0,0,1,
Rock,Common,,1,15,45,4,N/A,0,N/A,,,,Somewhat Far,Somewhat Close,N/A,Rock,,,,0,0,1,
,Unusual,,1,45,135,4,N/A,0,,,,,,,,,,,,0,0,1,
,Rare,,1,135,405,4,N/A,0,,,,,,,,,,,,0,0,1,
,Epic,,1,405,1215,4,N/A,44.712,,,,,,,,,,,,0,0,1,
,Legendary,,1,1215,3645,4,N/A,478.846,,,,,,,,,,,,0,0,1,
,Mythic,,1,3645,10935,4,N/A,4117.788,,,,,,,,,,,,0,0,1,
,Ultra,,1,10935,32805,4,N/A,36063.462,,,,,,,,,,,,0,0,1,
,Super,,1,32805,98415,4,N/A,228327.509,,,,,,,,,,,,1,1.62,1.62,
Root,Common,,1,N/A,N/A,5,N/A,N/A,Armor,2.5,N/A,,None,Close,Increases armor if the flower is defending. See Statuses for info on armor. Does not interact with mobs. Does not stack.,Leafbug,,,,1,#VALUE!,#VALUE!,
,Unusual,,1,N/A,N/A,5,N/A,N/A,,7.5,,,,,,,,,,1,#VALUE!,#VALUE!,
,Rare,,1,N/A,N/A,5,N/A,N/A,,22.5,,,,,,,,,,1,#VALUE!,#VALUE!,
,Epic,,1,N/A,N/A,5,N/A,N/A,,67.5,,,,,,,,,,1,#VALUE!,#VALUE!,
,Legendary,,1,N/A,N/A,5,N/A,N/A,,202.5,,,,,,,,,,1,#VALUE!,#VALUE!,
,Mythic,,1,N/A,N/A,5,N/A,N/A,,607.5,,,,,,,,,,1,#VALUE!,#VALUE!,
,Ultra,,1,N/A,N/A,5,N/A,N/A,,1052.2,,,,,,,,,,1,#VALUE!,#VALUE!,
,Super,,1,N/A,N/A,5,N/A,N/A,,1822.5,,,,,,,,,,1,#VALUE!,#VALUE!,
Rose,Common,,1,5,5,3.5,1,0,Heal,8,N/A,,None,Close,"If the user or a nearby player (PvE) is not at full health, the rose gets absorbed by that player, heals them and goes on respawn. ","Ladybug (Light)
Ladybug (Shiny)",,,7.5,0,0,1,
,Unusual,,1,15,15,3.5,1,0,,23,,,,,,,,,,0,0,1,
,Rare,,1,45,45,3.5,1,0,,68,,,,,,,,,,0,0,1,
,Epic,,1,135,135,3.5,1,0,,203,,,,,,,,,,0,0,1,
,Legendary,,1,405,405,3.5,1,50.82,,608,,,,,,,,,,0,0,1,
,Mythic,,1,1215,1215,3.5,1,272.131,,1823,,,,,,,,,,0,0,1,
,Ultra,,1,3645,3645,3.5,1,1872.131,,3157,,,,,,,,,,0,0,1,
,Super,,1,10935,10935,3.5,1,14639.344,,5468,,,,,,,,,,0,0,1,
Rubber,Common,,1,10,10,2,N/A,0,Knockback; Lightning Resistance,0.3,20%,N/A,Far,Close,"Increases knockback from collisions, pushing the player away from the attack. This stacks additively.
Also reduces damage taken from lightning by 20%. This stacks multiplicativaly.",Termite Mound,,,,0,0,1,
,Unusual,,1,30,30,2,N/A,0,,0.6,20%,,,,,,,,,0,0,1,
,Rare,,1,90,90,2,N/A,0,,0.9,20%,,,,,,,,,0,0,1,
,Epic,,1,270,270,2,N/A,23.611,,1.2,20%,,,,,,,,,0,0,1,
,Legendary,,1,810,810,2,N/A,273.611,,1.5,20%,,,,,,,,,0,0,1,
,Mythic,,1,2430,2430,2,N/A,1023.611,,1.8,20%,,,,,,,,,0,0,1,
,Ultra,,1,7290,7290,2,N/A,9820.833,,2.1,20%,,,,,,,,,0,0,1,
,Super,,1,21870,21870,2,N/A,90212.5,,2.4,20%,,,,,,,,,0,0,1,
Salt,Common,,1,10,10,2.5,N/A,0,Damage Reflection,85%,N/A,,None,Close,"If a mob or flower damages the user (damaging a shell's shield or a magnet doesn't count), they take a percentage of that damage too. Stacks with other salts additively. Damage reflected back at flowers is 25% that of mobs. Damage reflection is disabled if Sponge is used simultaneously. Damage reflection shown is for mobs. ","Centipede (Desert)
Starfish",,1.25,,0,0,1,
,Unusual,,1,30,30,2.5,N/A,0,,90%,,,,,,,,,,0,0,1,
,Rare,,1,90,90,2.5,N/A,0,,95%,,,,,,,,,,0,0,1,
,Epic,,1,270,270,2.5,N/A,19.173,,100%,,,,,,,,,,0,0,1,
,Legendary,,1,810,810,2.5,N/A,222.18,,105%,,,,,,,,,,0,0,1,
,Mythic,,1,2430,2430,2.5,N/A,831.203,,110%,,,,,,,,,,0,0,1,
,Ultra,,1,7290,7290,2.5,N/A,7974.812,,115%,,,,,,,,,,0,0,1,
,Super,,1,21870,21870,2.5,N/A,73255.263,,120%,,,,,,,,,,0,0,1,
Sand,Common,,4,5,1.2,1.5,N/A,0,N/A,,,,Far,Close,N/A,"Sandstorm
Starfish
Crab",,,,0,0,1,
,Unusual,,4,15,3.8,1.5,N/A,0,,,,,,,,,,,,0,0,1,
,Rare,,4,45,11.3,1.5,N/A,0,,,,,,,,,,,,0,0,1,
,Epic,,4,135,33.8,1.5,N/A,0,,,,,,,,,,,,0,0,1,
,Legendary,,4,405,101.3,1.5,N/A,448.193,,,,,,,,,,,,0,0,1,
,Mythic,,4,1215,303.8,1.5,N/A,2400,,,,,,,,,,,,0,0,1,
,Ultra,,4,3645,911.3,1.5,N/A,8255.422,,,,,,,,,,,,0,0,1,
,Super,,4,10935,2733.8,1.5,N/A,51643.373,,,,,,,,,,,,0,0,1,
Shell,Common,,1,5,25,3.5,1,0,Shield,5,N/A,,None,Close,"Grants a shield when absorbed by the user or a nearby player, at which point it goes on respawn. The shield is in addition to normal health and serves as extra HP. All incoming damage applies to the shield before the player. The shield slowly decays while active. The shell will always favor the person with a lower shield when deciding who to get absorbed by. The shield's decay rate is correlated with the shield's HP, meaning a higher shield value decays faster.
The shield is not considered healing, and as such, still works under the influence of a dandelion but is not affected by the medic skill.",Shell,,,,0,0,1,
,Unusual,,1,15,75,3.5,1,0,,15,,,,,,,,,,0,0,1,
,Rare,,1,45,225,3.5,1,0,,45,,,,,,,,,,0,0,1,
,Epic,,1,135,675,3.5,1,0,,135,,,,,,,,,,0,0,1,
,Legendary,,1,405,2025,3.5,1,50.82,,405,,,,,,,,,,0,0,1,
,Mythic,,1,1215,6075,3.5,1,816.393,,1215,,,,,,,,,,0,0,1,
,Ultra,,1,3645,18225,3.5,1,7488.525,,2104,,,,,,,,,,0,0,1,
,Super,,1,10935,54675,3.5,1,67340.984,,3645,,,,,,,,,,0,0,1,
Shovel,Common,,1,N/A,N/A,15,2,N/A,N/A,,,,None,Close,"Turns the user invincible and untargetable (indicated by a grey outline), but disables all petals and slows movement speed upon activation. Does not stack.",Ant Hole,,,,1,#VALUE!,#VALUE!,
,Unusual,,1,N/A,N/A,13,2,N/A,,,,,,,,,,,,1,#VALUE!,#VALUE!,
,Rare,,1,N/A,N/A,11.3,2,N/A,,,,,,,,,,,,1,#VALUE!,#VALUE!,
,Epic,,1,N/A,N/A,9.4,2,N/A,,,,,,,,,,,,1,#VALUE!,#VALUE!,
,Legendary,,1,N/A,N/A,7.5,2,N/A,,,,,,,,,,,,1,#VALUE!,#VALUE!,
,Mythic,,1,N/A,N/A,5.7,2,N/A,,,,,,,,,,,,1,#VALUE!,#VALUE!,
,Ultra,,1,N/A,N/A,3.9,2,N/A,,,,,,,,,,,,1,#VALUE!,#VALUE!,
,Super,,1,N/A,N/A,2,2,N/A,,,,,,,,,,,,1,#VALUE!,#VALUE!,
Soil,Common,,1,10,10,2.5,N/A,0,Flower Health,50,N/A,,None,Close,"Increases the max health of the user and increases the petal orbital distance but makes their hitbox larger and decreases movement speed. Petal orbit is changed in such a way so that the distance the petals are from the flower remains the same. Stacks.
Orbital distance, hitbox and movement speed changes are the same no matter the petal's rarity.
Health is increased (or decreased when unequipped) in such a way so that the percentage of health stays the same. 
Each soil petal increases size by 3 units with the base size being 9 units.
Reduces the effect of pulling from ultra+ sandstorms.
Disables flower collisions for the user near portals.","Ant Hole
Termite Mound",,,,0,0,1,
,Unusual,,1,30,30,2.5,N/A,0,,150,,,,,,,,,,0,0,1,
,Rare,,1,90,90,2.5,N/A,0,,450,,,,,,,,,,0,0,1,
,Epic,,1,270,270,2.5,N/A,19.173,,1350,,,,,,,,,,0,0,1,
,Legendary,,1,810,810,2.5,N/A,222.18,,4050,,,,,,,,,,0,0,1,
,Mythic,,1,2430,2430,2.5,N/A,831.203,,12150,,,,,,,,,,0,0,1,
,Ultra,,1,7290,7290,2.5,N/A,7974.812,,36450,,,,,,,,,,0,0,1,
,Super,,1,21870,21870,2.5,N/A,73255.263,,109350,,,,,,,,,,0,0,1,
Sponge,Common,,1,N/A,N/A,2.5,N/A,N/A,Period (sec),3,N/A,,None,Close,"Absorbs all incoming damage to the flower. This damage is dealt over time as designated by the period stat. If the petal is unequipped, all damage yet to be dealt is dealt instantly. Doesn't stack, though all sponges must die for damage to be dealt instantly.",Sponge,,,,1,#VALUE!,#VALUE!,
,Unusual,,1,N/A,N/A,2.5,N/A,N/A,,3.9,,,,,,,,,,1,#VALUE!,#VALUE!,
,Rare,,1,N/A,N/A,2.5,N/A,N/A,,5.4,,,,,,,,,,1,#VALUE!,#VALUE!,
,Epic,,1,N/A,N/A,2.5,N/A,N/A,,7.2,,,,,,,,,,1,#VALUE!,#VALUE!,
,Legendary,,1,N/A,N/A,2.5,N/A,N/A,,9.6,,,,,,,,,,1,#VALUE!,#VALUE!,
,Mythic,,1,N/A,N/A,2.5,N/A,N/A,,15,,,,,,,,,,1,#VALUE!,#VALUE!,
,Ultra,,1,N/A,N/A,2.5,N/A,N/A,,30,,,,,,,,,,1,#VALUE!,#VALUE!,
,Super,,1,N/A,N/A,2.5,N/A,N/A,,60,,,,,,,,,,1,#VALUE!,#VALUE!,
Square,Common,,1,0,0,60,N/A,0,N/A,,,,Far,Close,"Spawns as an ally square mob of equal rarity. 
Cannot go through walls.",N/A,,,,0,0,1,
,Unusual,,1,0,0,60,N/A,0,,,,,,,,,,,,0,0,1,
,Rare,,1,0,0,60,N/A,0,,,,,,,,,,,,0,0,1,
,Epic,,1,0,0,60,N/A,0,,,,,,,,,,,,0,0,1,
,Legendary,,1,0,0,60,N/A,0,,,,,,,,,,,,0,0,1,
,Mythic,,1,0,0,60,N/A,0,,,,,,,,,,,,0,0,1,
,Ultra,,1,0,0,60,N/A,0,,,,,,,,,,,,0,0,1,
,Super,,1,0,0,60,N/A,0,,,,,,,,,,,,0,0,1,
Starfish,Common,,1,5,7,1.5,N/A,0,Heal (per sec),2,N/A,,None,Close,Heals the user at a constant rate but only if the user is below 75% HP.  Stacks with other healing petals.,Starfish,,2.25,,0,0,1,
,Unusual,,1,15,21,1.5,N/A,0,,7,,,,,,,,,,0,0,1,
,Rare,,1,45,63,1.5,N/A,0,,20,,,,,,,,,,0,0,1,
,Epic,,1,135,189,1.5,N/A,0,,61,,,,,,,,,,0,0,1,
,Legendary,,1,405,567,1.5,N/A,112.048,,182,,,,,,,,,,0,0,1,
,Mythic,,1,1215,1701,1.5,N/A,600,,547,,,,,,,,,,0,0,1,
,Ultra,,1,3645,5103,1.5,N/A,6191.566,,947,,,,,,,,,,0,0,1,
,Super,,1,10935,15309,1.5,N/A,45187.952,,1640,,,,,,,,,,0,0,1,
Stick,Common,,1,1,10,4,,0,"Spawn, Duration",x2 Sandstorm (Common),45,N/A,None,Close,"Spawns a friendly sandstorm every few seconds as determined by the Usage Respawn value (petal must be alive). These sandstorms have normal sandstorm AI (can't be aggressive). Can spawn a maximum of 2 sandstorms. If the petal dies, its respective sandstorms die. Sandstorms die after losing all their health or after 45 seconds. Summoned mobs can damage other summoned mobs from non-squad members.
Cannot go through walls.",Sandstorm,,,,0,0,1,
,Unusual,,1,3,30,4,,0,,x2 Sandstorm (Common),45,,,,,,,,,0,0,1,
,Rare,,1,9,90,4,,0,,x2 Sandstorm (Unusual),45,,,,,,,,,0,0,1,
,Epic,,1,27,270,4,2.5,0,,x2 Sandstorm (Rare),45,,,,,,,,,0,0,1,
,Legendary,,1,81,810,4,3.7,0,,x2 Sandstorm (Epic),45,,,,,,,,,0,0,1,
,Mythic,,1,243,2430,4,10.7,5.769,,x2 Sandstorm (Legendary),45,,,,,,,,,0,0,1,
,Ultra,,1,729,7290,4,22.3,367.788,,x2 Sandstorm (Mythic),45,,,,,,,,,0,0,1,
,Super,,1,2187,21870,4,1.6,4257.692,,x2 Sandstorm (Mythic),45,,,,,,,,,0,0,1,
Stinger (Normal),Common,,1,100,2,10,N/A,0,N/A,,,,Far,Close,N/A,Bee,,,,0,0,1,
,Unusual,,1,300,6,10,N/A,7.972,,,,,,,,,,,,0,0,1,
,Rare,,1,900,18,10,N/A,67.028,,,,,,,,,,,,0,0,1,
,Epic,,1,2700,54,10,N/A,244.193,,,,,,,,,,,,0,0,1,
,Legendary,,1,8100,162,10,N/A,775.689,,,,,,,,,,,,0,0,1,
,Mythic,,3,8100,162,10,N/A,2327.067,,,,,,,,,,,,0,0,1,
,Ultra,,5,14580,291.6,10,N/A,7067.421,,,,,,,,,,,,0,0,1,
,Super,,5,43740,874.8,10,N/A,21417.815,,,,,,,,,,,,0,0,1,
Stinger (Blood),Common,,1,100,2,5,N/A,0,Self Damage,7,N/A,,Far,Close,Some of the damage dealt by the petal is dealt to the user,Wasp,,,,0,0,1,
,Unusual,,1,300,6,5,N/A,15.698,,21,,,,,,,,,,0,0,1,
,Rare,,1,900,18,5,N/A,131.977,,63,,,,,,,,,,0,0,1,
,Epic,,1,2700,54,5,N/A,480.814,,189,,,,,,,,,,0,0,1,
,Legendary,,1,8100,162,5,N/A,1527.326,,567,,,,,,,,,,0,0,1,
,Mythic,,3,8100,162,5,N/A,4581.977,,567,,,,,,,,,,0,0,1,
,Ultra,,5,14580,292,5,N/A,13915.698,,1021,,,,,,,,,,0,0,1,
,Super,,5,43740,875,5,N/A,42171.512,,3062,,,,,,,,,,0,0,1,
Talisman,Common,,1,10,10,2.5,N/A,0,Evasion,3%,N/A,,N/A,Close,Gives the user a chance of not taking damage from an attack. Does not work on poison or lightning. Stacks multiplicatively.,Beetle (Normal),,,,0,0,1,
,Unusual,,1,30,30,2.5,N/A,0,,6%,,,,,,,,,,0,0,1,
,Rare,,1,90,90,2.5,N/A,0,,9%,,,,,,,,,,0,0,1,
,Epic,,1,270,270,2.5,N/A,19.173,,12%,,,,,,,,,,0,0,1,
,Legendary,,1,810,810,2.5,N/A,222.18,,15%,,,,,,,,,,0,0,1,
,Mythic,,1,2430,2430,2.5,N/A,831.203,,18%,,,,,,,,,,0,0,1,
,Ultra,,1,7290,7290,2.5,N/A,7974.812,,21%,,,,,,,,,,0,0,1,
,Super,,1,21870,21870,2.5,N/A,73255.263,,24%,,,,,,,,,,0,0,1,
Third Eye,Common,,N/A,N/A,N/A,N/A,N/A,N/A,Extra Range,0,N/A,,N/A,N/A,"Does not orbit the user, instead appears on their flower. This change is visible in the UI at the top left. Petals expand further out upon attack, even petals which don't normally extend. Does not stack.",Spider,,,,1,#VALUE!,#VALUE!,
,Unusual,,N/A,N/A,N/A,N/A,N/A,N/A,,0,,,,,,,,,,1,#VALUE!,#VALUE!,
,Rare,,N/A,N/A,N/A,N/A,N/A,N/A,,0,,,,,,,,,,1,#VALUE!,#VALUE!,
,Epic,,N/A,N/A,N/A,N/A,N/A,N/A,,0,,,,,,,,,,1,#VALUE!,#VALUE!,
,Legendary,,N/A,N/A,N/A,N/A,N/A,N/A,,40,,,,,,,,,,1,#VALUE!,#VALUE!,
,Mythic,,N/A,N/A,N/A,N/A,N/A,N/A,,140,,,,,,,,,,1,#VALUE!,#VALUE!,
,Ultra,,N/A,N/A,N/A,N/A,N/A,N/A,,240,,,,,,,,,,1,#VALUE!,#VALUE!,
,Super,,N/A,N/A,N/A,N/A,N/A,N/A,,340,,,,,,,,,,1,#VALUE!,#VALUE!,
Tomato,Common,,1,See Special Stats,10,2.5,3,0,Min Damage; Max Damage,5,70,N/A,Far,Close,"Upon spawning, deals the minimum damage. However, after three seconds, it deals maximum damage and stays there. The petal size also grows over time, signifying how much damage it will deal.",Termite Overmind,,,,0,0,1,
,Unusual,,1,,30,2.5,3,0,,15,210,,,,,,,,,0,0,1,
,Rare,,1,,90,2.5,3,0,,45,630,,,,,,,,,0,0,1,
,Epic,,1,,270,2.5,3,0,,135,1890,,,,,,,,,0,0,1,
,Legendary,,1,,810,2.5,3,69.925,,405,5670,,,,,,,,,0,0,1,
,Mythic,,1,,2430,2.5,3,374.436,,1215,17010,,,,,,,,,0,0,1,
,Ultra,,1,,7290,2.5,3,3863.91,,3645,51030,,,,,,,,,0,0,1,
,Super,,1,,21870,2.5,3,36257.143,,10935,153090,,,,,,,,,0,0,1,
Uranium,Common,,1,10,25,2.5,1,0,Poison,30,N/A,,None,Close,"Damages all hostile flowers and mobs and the user in a large radius (extends past the standard FoV) every second, with damage decreasing the further from the petal the entity is (the user takes the full damage). Damage is dealt through poison over the course of a second. Does not stack. See Statuses for info on poison.
Turns all mobile mobs aggressive (except sandstorm and bubble), even ones that normally can't be, if they were passive before. ",Digger,,,,0,0,1,
,Unusual,,1,30,75,2.5,1,0,,90,,,,,,,,,,0,0,1,
,Rare,,1,90,225,2.5,1,0,,270,,,,,,,,,,0,0,1,
,Epic,,1,270,675,2.5,1,19.173,,810,,,,,,,,,,0,0,1,
,Legendary,,1,810,2025,2.5,1,222.18,,2430,,,,,,,,,,0,0,1,
,Mythic,,1,2430,6075,2.5,1,2493.609,,7290,,,,,,,,,,0,0,1,
,Ultra,,1,7290,18225,2.5,1,21266.165,,21870,,,,,,,,,,0,0,1,
,Super,,1,21870,54675,2.5,1,187207.895,,65610,,,,,,,,,,0,0,1,
Web,Common,,1,5,5,3,0.5,0,Duration; Radius,10,50,N/A,Shoots - Lays Down,Lays down in place,"Upon attacking, shoots in a straight line away from the flower for a short distance before stopping and laying down a web on the ground. Upon defending, the petal lays a web on the ground where it is. The web slows down hostile mobs (except Spiders and Shells, and high rarity mobs are partially resistant) and flowers that wander over it by 75%, not stacking with other webs. Once a web is laid down, the petal goes on respawn, allowing each web petal to accumulate multiple webs on the ground. Webs don't deal damage once on the ground.
Cannot go through walls.",Spider,,,,0,0,1,
,Unusual,,1,15,15,3,0.5,0,,10,60,,,,,,,,,0,0,1,
,Rare,,1,45,45,3,0.5,0,,10,70,,,,,,,,,0,0,1,
,Epic,,1,135,135,3,0.5,0,,10,80,,,,,,,,,0,0,1,
,Legendary,,1,405,405,3,0.5,58.861,,10,100,,,,,,,,,0,0,1,
,Mythic,,1,1215,1215,3,0.5,315.19,,10,150,,,,,,,,,0,0,1,
,Ultra,,1,3645,3645,3,0.5,2168.354,,10,200,,,,,,,,,0,0,1,
,Super,,1,10935,10935,3,0.5,16955.696,,10,250,,,,,,,,,0,0,1,
Wing,Common,,1,20,10,2.5,N/A,0,N/A,,,,Far to Extremely Far,Close,"Upon attacking, moves away from the flower before going back in, effectively increasing the petal's range.","Firefly
Fly
Moth
Soldier Ant
Soldier Fire Ant
Queen Ant
Queen Fire Ant",,,,0,0,1,
,Unusual,,1,60,30,2.5,N/A,0,,,,,,,,,,,,0,0,1,
,Rare,,1,180,90,2.5,N/A,0,,,,,,,,,,,,0,0,1,
,Epic,,1,540,270,2.5,N/A,120.677,,,,,,,,,,,,0,0,1,
,Legendary,,1,1620,810,2.5,N/A,526.692,,,,,,,,,,,,0,0,1,
,Mythic,,1,4860,2430,2.5,N/A,1744.737,,,,,,,,,,,,0,0,1,
,Ultra,,1,14580,7290,2.5,N/A,16196.617,,,,,,,,,,,,0,0,1,
,Super,,1,43740,21870,2.5,N/A,147251.504,,,,,,,,,,,,0,0,1,
Yggdrasil,Common,,1,0,10,320,0.5,0,Revive Heal,20%,N/A,,None,Close,"Automatically revives any dead players nearby (not in PvP), putting them at the specified HP. Petal goes on respawn afterward.",Ladybug (Shiny),,,,0,0,1,
,Unusual,,1,0,30,160,0.5,0,,20%,,,,,,,,,,0,0,1,
,Rare,,1,0,90,80,0.5,0,,20%,,,,,,,,,,0,0,1,
,Epic,,1,0,270,40,0.5,0,,20%,,,,,,,,,,0,0,1,
,Legendary,,1,0,810,20,0.5,0,,20%,,,,,,,,,,0,0,1,
,Mythic,,1,0,2430,7.5,0.5,0,,20%,,,,,,,,,,0,0,1,
,Ultra,,1,0,7290,2.5,0.5,0,,20%,,,,,,,,,,0,0,1,
,Super,,1,0,21870,1,0.5,0,,20%,,,,,,,,,,0,0,1,
Yin Yang,Common,,1,10,10,2,N/A,0,N/A,,,,Far,Close,"Changes petal rotation patterns based on the number equipped, attempting to group petals into clumps
",Ladybug (Dark),,,,0,0,1,
,Unusual,,1,30,30,2,N/A,0,,,,,,,,,,,,0,0,1,
,Rare,,1,90,90,2,N/A,0,,,,,,,,,,,,0,0,1,
,Epic,,1,270,270,2,N/A,23.611,,,,,,,,,,,,0,0,1,
,Legendary,,1,810,810,2,N/A,273.611,,,,,,,,,,,,0,0,1,
,Mythic,,1,2430,2430,2,N/A,1023.611,,,,,,,,,,,,0,0,1,
,Ultra,,1,7290,7290,2,N/A,9820.833,,,,,,,,,,,,0,0,1,
,Super,,1,21870,21870,2,N/A,90212.5,,,,,,,,,,,,0,0,1,
Yucca,Common,,1,5,10,2.5,N/A,0,Heal (per sec),2,N/A,,None,Close - Heals,Heals the user at a constant rate but only if the user is defending. Stacks with other healing petals.,"Baby Fire Ant
Worker Fire Ant
Soldier Fire Ant",,1.6,,0,0,1,
,Unusual,,1,15,30,2.5,N/A,0,,5,,,,,,,,,,0,0,1,
,Rare,,1,45,90,2.5,N/A,0,,14,,,,,,,,,,0,0,1,
,Epic,,1,135,270,2.5,N/A,0,,43,,,,,,,,,,0,0,1,
,Legendary,,1,405,810,2.5,N/A,69.925,,130,,,,,,,,,,0,0,1,
,Mythic,,1,1215,2430,2.5,N/A,374.436,,389,,,,,,,,,,0,0,1,
,Ultra,,1,3645,7290,2.5,N/A,3863.91,,673,,,,,,,,,,0,0,1,
,Super,,1,10935,21870,2.5,N/A,36257.143,,1166,,,,,,,,,,0,0,1,
EOF,Common,,1,5,10,2.5,N/A,0,Heal (per sec),2,N/A,,None,Close - Heals,Heals the user at a constant rate but only if the user is defending. Stacks with other healing petals.,"Baby Fire Ant